-- ============================================================
-- 上海站种子数据
-- tutor-platform-seed-shanghai.sql
-- 包含：城市、16区、子区域、高校、价格参考、首页配置、示例教员、示例需求
-- ============================================================

USE `roncoo_education`;
SET NAMES utf8mb4;

-- ===========================================================
-- 一、城市：上海
-- ===========================================================
INSERT INTO `dict_city` (`id`, `city_name`, `city_pinyin`, `province_name`, `is_hot`, `sort`) VALUES
(1, '上海', 'shanghai', '上海市', 1, 1)
ON DUPLICATE KEY UPDATE `city_name`=VALUES(`city_name`);

-- 预留其他城市(status_id=0 暂不启用)
INSERT INTO `dict_city` (`id`, `city_name`, `city_pinyin`, `province_name`, `is_hot`, `status_id`, `sort`) VALUES
(2, '苏州', 'suzhou',   '江苏省', 0, 0, 10),
(3, '合肥', 'hefei',    '安徽省', 0, 0, 11),
(4, '杭州', 'hangzhou', '浙江省', 0, 0, 12),
(5, '南京', 'nanjing',  '江苏省', 0, 0, 13)
ON DUPLICATE KEY UPDATE `city_name`=VALUES(`city_name`);

-- ===========================================================
-- 二、上海16区
-- ===========================================================
INSERT INTO `dict_district` (`id`, `city_id`, `district_name`, `district_pinyin`, `sort`) VALUES
(101, 1, '浦东新区', 'pudong',    1),
(102, 1, '徐汇区',   'xuhui',     2),
(103, 1, '长宁区',   'changning', 3),
(104, 1, '闵行区',   'minhang',   4),
(105, 1, '黄浦区',   'huangpu',   5),
(106, 1, '静安区',   'jingan',    6),
(107, 1, '虹口区',   'hongkou',   7),
(108, 1, '杨浦区',   'yangpu',    8),
(109, 1, '普陀区',   'putuo',     9),
(110, 1, '嘉定区',   'jiading',   10),
(111, 1, '金山区',   'jinshan',   11),
(112, 1, '青浦区',   'qingpu',    12),
(113, 1, '宝山区',   'baoshan',   13),
(114, 1, '松江区',   'songjiang', 14),
(115, 1, '奉贤区',   'fengxian',  15),
(116, 1, '崇明区',   'chongming', 16)
ON DUPLICATE KEY UPDATE `district_name`=VALUES(`district_name`);

-- ===========================================================
-- 三、子区域(每区主要街道/镇,选取代表性的)
-- ===========================================================
INSERT INTO `dict_sub_district` (`id`, `district_id`, `name`, `sort`) VALUES
-- 浦东新区
(10101, 101, '陆家嘴',   1),
(10102, 101, '张江',     2),
(10103, 101, '金桥',     3),
(10104, 101, '川沙',     4),
(10105, 101, '三林',     5),
(10106, 101, '北蔡',     6),
(10107, 101, '惠南',     7),
(10108, 101, '周浦',     8),
(10109, 101, '花木',     9),
(10110, 101, '塘桥',     10),
-- 徐汇区
(10201, 102, '徐家汇',   1),
(10202, 102, '漕河泾',   2),
(10203, 102, '田林',     3),
(10204, 102, '龙华',     4),
(10205, 102, '长桥',     5),
-- 长宁区
(10301, 103, '中山公园',  1),
(10302, 103, '古北',      2),
(10303, 103, '天山路',    3),
(10304, 103, '北新泾',    4),
-- 闵行区
(10401, 104, '莘庄',     1),
(10402, 104, '七宝',     2),
(10403, 104, '颛桥',     3),
(10404, 104, '浦江',     4),
(10405, 104, '梅陇',     5),
(10406, 104, '虹桥',     6),
-- 黄浦区
(10501, 105, '南京东路',  1),
(10502, 105, '外滩',      2),
(10503, 105, '人民广场',  3),
(10504, 105, '豫园',      4),
-- 静安区
(10601, 106, '南京西路',  1),
(10602, 106, '静安寺',    2),
(10603, 106, '曹家渡',    3),
(10604, 106, '彭浦',      4),
(10605, 106, '大宁',      5),
-- 虹口区
(10701, 107, '四川北路',  1),
(10702, 107, '鲁迅公园',  2),
(10703, 107, '凉城',      3),
-- 杨浦区
(10801, 108, '五角场',    1),
(10802, 108, '控江路',    2),
(10803, 108, '中原',      3),
(10804, 108, '大桥',      4),
-- 普陀区
(10901, 109, '长寿路',    1),
(10902, 109, '曹杨',      2),
(10903, 109, '真如',      3),
(10904, 109, '桃浦',      4),
-- 嘉定区
(11001, 110, '嘉定新城',  1),
(11002, 110, '南翔',      2),
(11003, 110, '安亭',      3),
(11004, 110, '江桥',      4),
-- 金山区
(11101, 111, '石化',      1),
(11102, 111, '朱泾',      2),
(11103, 111, '枫泾',      3),
-- 青浦区
(11201, 112, '青浦城区',  1),
(11202, 112, '朱家角',    2),
(11203, 112, '徐泾',      3),
-- 宝山区
(11301, 113, '大华',      1),
(11302, 113, '顾村',      2),
(11303, 113, '罗店',      3),
(11304, 113, '月浦',      4),
-- 松江区
(11401, 114, '松江城区',  1),
(11402, 114, '泗泾',      2),
(11403, 114, '佘山',      3),
(11404, 114, '松江大学城',4),
-- 奉贤区
(11501, 115, '南桥',      1),
(11502, 115, '奉城',      2),
(11503, 115, '海湾',      3),
-- 崇明区
(11601, 116, '城桥',      1),
(11602, 116, '堡镇',      2),
(11603, 116, '长兴岛',    3)
ON DUPLICATE KEY UPDATE `name`=VALUES(`name`);

-- ===========================================================
-- 四、上海高校（约38所主要高校）
-- ===========================================================
INSERT INTO `dict_university` (`id`, `city_id`, `uni_name`, `uni_short`, `is_hot`, `sort`) VALUES
(5001, 1, '复旦大学',             '复旦',   1, 1),
(5002, 1, '上海交通大学',         '交大',   1, 2),
(5003, 1, '同济大学',             '同济',   1, 3),
(5004, 1, '华东师范大学',         '华师大', 1, 4),
(5005, 1, '华东理工大学',         '华理',   1, 5),
(5006, 1, '上海外国语大学',       '上外',   1, 6),
(5007, 1, '上海财经大学',         '上财',   1, 7),
(5008, 1, '东华大学',             '东华',   0, 8),
(5009, 1, '上海大学',             '上大',   1, 9),
(5010, 1, '上海师范大学',         '上师大', 1, 10),
(5011, 1, '上海理工大学',         '上理',   0, 11),
(5012, 1, '上海中医药大学',       NULL,     0, 12),
(5013, 1, '上海海事大学',         NULL,     0, 13),
(5014, 1, '上海海洋大学',         NULL,     0, 14),
(5015, 1, '上海工程技术大学',     '工技大', 0, 15),
(5016, 1, '上海电力大学',         NULL,     0, 16),
(5017, 1, '上海应用技术大学',     NULL,     0, 17),
(5018, 1, '上海对外经贸大学',     NULL,     0, 18),
(5019, 1, '上海音乐学院',         NULL,     0, 19),
(5020, 1, '上海戏剧学院',         NULL,     0, 20),
(5021, 1, '上海体育学院',         NULL,     0, 21),
(5022, 1, '上海政法学院',         NULL,     0, 22),
(5023, 1, '上海第二工业大学',     NULL,     0, 23),
(5024, 1, '上海电机学院',         NULL,     0, 24),
(5025, 1, '上海商学院',           NULL,     0, 25),
(5026, 1, '上海健康医学院',       NULL,     0, 26),
(5027, 1, '上海立信会计金融学院', NULL,     0, 27),
(5028, 1, '上海杉达学院',         NULL,     0, 28),
(5029, 1, '上海建桥学院',         NULL,     0, 29),
(5030, 1, '上海视觉艺术学院',     NULL,     0, 30),
(5031, 1, '上海兴伟学院',         NULL,     0, 31),
(5032, 1, '上海纽约大学',         NULL,     0, 32),
(5033, 1, '上海科技大学',         NULL,     0, 33),
(5034, 1, '中欧国际工商学院',     NULL,     0, 34),
(5035, 1, '上海交大医学院',       NULL,     0, 35),
(5036, 1, '复旦大学医学院',       NULL,     0, 36),
(5037, 1, '华东政法大学',         '华政',   1, 37),
(5038, 1, '上海社会科学院',       NULL,     0, 38)
ON DUPLICATE KEY UPDATE `uni_name`=VALUES(`uni_name`);

-- ===========================================================
-- 五、上海价格参考
-- tutor_type: 1大学生 2专职 3在职教师 4海归外教
-- grade_level: 1小学 2初中 3高中
-- ===========================================================
INSERT INTO `price_reference` (`id`, `city_id`, `tutor_type`, `grade_level`, `price_min`, `price_max`, `remark`, `sort`) VALUES
(6001, 1, 1, 1, 80,  120, '大学生 小学',   1),
(6002, 1, 1, 2, 100, 150, '大学生 初中',   2),
(6003, 1, 1, 3, 120, 200, '大学生 高中',   3),
(6004, 1, 3, 1, 150, 250, '在职教师 小学', 4),
(6005, 1, 3, 2, 220, 350, '在职教师 初中', 5),
(6006, 1, 3, 3, 300, 500, '在职教师 高中', 6),
(6007, 1, 2, 1, 120, 200, '专职教员 小学', 7),
(6008, 1, 2, 2, 150, 280, '专职教员 初中', 8),
(6009, 1, 2, 3, 200, 400, '专职教员 高中', 9),
(6010, 1, 4, 1, 200, 350, '海归外教 小学', 10),
(6011, 1, 4, 2, 250, 400, '海归外教 初中', 11),
(6012, 1, 4, 3, 300, 500, '海归外教 高中', 12)
ON DUPLICATE KEY UPDATE `price_min`=VALUES(`price_min`);

-- ===========================================================
-- 六、上海首页配置
-- ===========================================================
INSERT INTO `homepage_config` (`id`, `city_id`, `config_key`, `config_value`) VALUES
(7001, 1, 'hotline',       '400-000-0000'),
(7002, 1, 'hotline_hours', '周一至周日 9:00-21:00'),
(7003, 1, 'seo_title',     '上海家教_上海家教网_上海找家教老师'),
(7004, 1, 'seo_desc',      '上海家教平台为您提供优质上海家教老师，覆盖上海16区，涵盖小学、初中、高中全科及艺术特长辅导，大学生家教、专职教师、在职教师任您选择。'),
(7005, 1, 'seo_keywords',  '上海家教,上海家教网,上海找家教,上海家教老师,上海一对一家教'),
(7006, 1, 'intro_text',    '专注上海家教服务，连接优秀教员与学员家庭，提供一对一上门辅导和在线教学。'),
(7007, 1, 'service_desc',  '平台免费发布需求，专业客服匹配教员，教学质量有保障。')
ON DUPLICATE KEY UPDATE `config_value`=VALUES(`config_value`);

-- ===========================================================
-- 七、示例教员数据(20条,用于首页和列表展示)
-- 注意: user_id 使用虚拟ID(90001-90020)，display_no 以T开头
-- ===========================================================
INSERT INTO `tutor_profile` (`id`, `user_id`, `display_no`, `real_name`, `gender`, `birth_date`, `tutor_type`, `degree`, `university`, `university_id`, `major`, `grade_year`, `city_id`, `district_id`, `teaching_method`, `price_min`, `price_max`, `self_introduction`, `teaching_experience`, `audit_status`, `is_verified`, `is_star`, `sort`, `view_count`, `success_count`, `login_count`) VALUES
(80001, 90001, 'T100001', '张',  1, '2002-05-15', 1, 3, '复旦大学',     5001, '数学系',     '大三', 1, 108, 1, 100, 150, '复旦数学系在读，高考数学145分，擅长引导学生思考。', '辅导过5名初高中学生数学，平均提分20+。', 4, 1, 1, 100, 92, 5, 12),
(80002, 90002, 'T100002', '李',  2, '2001-09-22', 1, 3, '上海交通大学', 5002, '英语系',     '大四', 1, 102, 1, 120, 180, '交大英语专业，英语专八优秀，口语流利。', '辅导过8名学生英语，雅思和新概念教学经验丰富。', 4, 1, 0, 99, 156, 8, 20),
(80003, 90003, 'T100003', '王',  1, '1985-03-10', 3, 4, '华东师范大学', 5004, '物理教育',   NULL,   1, 101, 1, 250, 350, '在职物理教师，15年教龄，中教高级。', '带过多届毕业班，学生中考物理平均分85+。', 4, 1, 1, 98, 230, 15, 45),
(80004, 90004, 'T100004', '陈',  2, '2003-01-08', 1, 3, '同济大学',     5003, '建筑学',     '大二', 1, 108, 3, 80, 120, '同济建筑学在读，擅长素描和美术教学。', '从小学习美术，素描十级证书，辅导过3名艺考生。', 4, 1, 0, 97, 67, 3, 8),
(80005, 90005, 'T100005', '刘',  1, '1990-07-20', 2, 4, NULL,           NULL, '钢琴演奏',   NULL,   1, 106, 1, 200, 300, '专职钢琴教师，上海音乐家协会会员。', '10年钢琴教学经验，学生多次在比赛中获奖。', 4, 1, 1, 96, 189, 12, 30),
(80006, 90006, 'T100006', '赵',  2, '2002-11-03', 1, 3, '华东理工大学', 5005, '化学工程',   '大三', 1, 102, 0, 100, 150, '华理化工专业，化学竞赛省一等奖。', '辅导过4名高中生化学，经验丰富。', 4, 1, 0, 95, 78, 4, 10),
(80007, 90007, 'T100007', '孙',  1, '1988-12-25', 3, 4, '上海师范大学', 5010, '语文教育',   NULL,   1, 109, 1, 220, 300, '在职语文教师，区骨干教师。', '12年语文教学经验，擅长作文和阅读理解。', 4, 1, 0, 94, 145, 10, 25),
(80008, 90008, 'T100008', '周',  2, '2001-04-18', 1, 3, '上海外国语大学',5006,'日语',       '大四', 1, 107, 3, 100, 150, '上外日语专业，N1满分，日本交换一年。', '辅导过6名学生日语，零基础到N2。', 4, 1, 0, 93, 88, 6, 15),
(80009, 90009, 'T100009', '吴',  1, '2003-08-05', 1, 3, '上海财经大学', 5007, '金融学',     '大二', 1, 108, 1, 90,  130, '上财金融在读，高考数学148分。', '辅导过3名初中生数学，善于总结方法。', 4, 0, 0, 92, 45, 2, 6),
(80010, 90010, 'T100010', '郑',  2, '1992-06-15', 2, 4, NULL,           NULL, '少儿编程',   NULL,   1, 104, 0, 150, 250, '专职编程教师，前大厂程序员。', '3年少儿编程教学经验，Scratch/Python/C++。', 4, 1, 0, 91, 120, 8, 18),
(80011, 90011, 'T100011', '冯',  1, '2002-02-28', 1, 3, '上海大学',     5009, '计算机科学', '大三', 1, 113, 1, 90,  130, '上大计算机在读，ACM竞赛银奖。', '辅导过2名高中生信息技术竞赛。', 4, 0, 0, 90, 34, 2, 5),
(80012, 90012, 'T100012', '杨',  2, '1995-10-12', 3, 4, '华东师范大学', 5004, '英语教育',   NULL,   1, 104, 1, 250, 380, '在职英语教师，专八优秀。', '8年英语教学经验，擅长中高考英语。', 4, 1, 1, 89, 201, 14, 38),
(80013, 90013, 'T100013', '何',  1, '2003-06-30', 1, 3, '复旦大学',     5001, '物理系',     '大二', 1, 108, 1, 110, 160, '复旦物理系在读，物理竞赛省一等奖。', '辅导过3名高中生物理，提分明显。', 4, 1, 0, 88, 56, 3, 7),
(80014, 90014, 'T100014', '林',  2, '2002-09-18', 1, 3, '上海交通大学', 5002, '临床医学',   '大三', 1, 102, 0, 120, 180, '交大医学院在读，擅长理综教学。', '辅导过4名学生化学和生物。', 4, 1, 0, 87, 72, 4, 9),
(80015, 90015, 'T100015', '高',  1, '1982-03-22', 3, 5, NULL,           NULL, '数学教育',   NULL,   1, 101, 1, 300, 500, '重点中学数学教研组长，博士学历。', '20年教龄，多名学生考入清北复交。', 4, 1, 1, 86, 312, 25, 60),
(80016, 90016, 'T100016', '马',  2, '2001-12-05', 1, 3, '华东政法大学', 5037, '法学',       '大四', 1, 114, 1, 80,  120, '华政法学在读，文综能力强。', '辅导过5名初高中生政史地。', 4, 0, 0, 85, 41, 3, 7),
(80017, 90017, 'T100017', '罗',  1, '1991-08-15', 2, 3, NULL,           NULL, '围棋',       NULL,   1, 102, 1, 150, 250, '围棋业余5段，专职围棋教练。', '5年围棋教学经验，启蒙到业余段位。', 4, 1, 0, 84, 95, 7, 16),
(80018, 90018, 'T100018', '梁',  2, '2003-04-25', 1, 3, '上海师范大学', 5010, '学前教育',   '大二', 1, 104, 1, 80,  120, '上师大学前教育专业，亲和力强。', '辅导过多个幼儿家庭，擅长启蒙教育。', 4, 1, 0, 83, 52, 3, 8),
(80019, 90019, 'T100019', '谢',  1, '1987-11-10', 4, 4, NULL,           NULL, '英语教育',   NULL,   1, 106, 0, 250, 400, '海归硕士，英国利兹大学毕业。', '5年英语教学经验，全英文授课。', 4, 1, 0, 82, 167, 10, 22),
(80020, 90020, 'T100020', '宋',  2, '2002-07-14', 1, 3, '同济大学',     5003, '德语',       '大三', 1, 108, 3, 100, 150, '同济德语专业，德福满分。', '辅导过2名学生德语，零基础到B1。', 4, 0, 0, 81, 38, 2, 5)
ON DUPLICATE KEY UPDATE `real_name`=VALUES(`real_name`);

-- 设置教员最近登录时间（模拟不同活跃度）
UPDATE `tutor_profile` SET `last_login_time` = DATE_SUB(NOW(), INTERVAL 1 HOUR)   WHERE `id` = 80003;
UPDATE `tutor_profile` SET `last_login_time` = DATE_SUB(NOW(), INTERVAL 2 HOUR)   WHERE `id` = 80015;
UPDATE `tutor_profile` SET `last_login_time` = DATE_SUB(NOW(), INTERVAL 5 HOUR)   WHERE `id` = 80001;
UPDATE `tutor_profile` SET `last_login_time` = DATE_SUB(NOW(), INTERVAL 12 HOUR)  WHERE `id` = 80002;
UPDATE `tutor_profile` SET `last_login_time` = DATE_SUB(NOW(), INTERVAL 1 DAY)    WHERE `id` = 80012;
UPDATE `tutor_profile` SET `last_login_time` = DATE_SUB(NOW(), INTERVAL 1 DAY)    WHERE `id` = 80005;
UPDATE `tutor_profile` SET `last_login_time` = DATE_SUB(NOW(), INTERVAL 2 DAY)    WHERE `id` = 80007;
UPDATE `tutor_profile` SET `last_login_time` = DATE_SUB(NOW(), INTERVAL 2 DAY)    WHERE `id` = 80019;
UPDATE `tutor_profile` SET `last_login_time` = DATE_SUB(NOW(), INTERVAL 3 DAY)    WHERE `id` = 80010;
UPDATE `tutor_profile` SET `last_login_time` = DATE_SUB(NOW(), INTERVAL 4 DAY)    WHERE `id` = 80008;
UPDATE `tutor_profile` SET `last_login_time` = DATE_SUB(NOW(), INTERVAL 5 DAY)    WHERE `id` = 80013;
UPDATE `tutor_profile` SET `last_login_time` = DATE_SUB(NOW(), INTERVAL 6 DAY)    WHERE `id` = 80006;
UPDATE `tutor_profile` SET `last_login_time` = DATE_SUB(NOW(), INTERVAL 7 DAY)    WHERE `id` = 80017;
UPDATE `tutor_profile` SET `last_login_time` = DATE_SUB(NOW(), INTERVAL 10 DAY)   WHERE `id` = 80004;
UPDATE `tutor_profile` SET `last_login_time` = DATE_SUB(NOW(), INTERVAL 10 DAY)   WHERE `id` = 80014;
UPDATE `tutor_profile` SET `last_login_time` = DATE_SUB(NOW(), INTERVAL 14 DAY)   WHERE `id` = 80009;
UPDATE `tutor_profile` SET `last_login_time` = DATE_SUB(NOW(), INTERVAL 20 DAY)   WHERE `id` = 80016;
UPDATE `tutor_profile` SET `last_login_time` = DATE_SUB(NOW(), INTERVAL 20 DAY)   WHERE `id` = 80018;
UPDATE `tutor_profile` SET `last_login_time` = DATE_SUB(NOW(), INTERVAL 25 DAY)   WHERE `id` = 80011;
UPDATE `tutor_profile` SET `last_login_time` = DATE_SUB(NOW(), INTERVAL 40 DAY)   WHERE `id` = 80020;

-- ===========================================================
-- 八、示例教员科目关联
-- ===========================================================
INSERT INTO `tutor_subject` (`id`, `tutor_id`, `subject_id`, `category_id`) VALUES
-- T100001 张老师: 初中数学、高中数学
(90001, 80001, 2021, 10003),
(90002, 80001, 2031, 10004),
-- T100002 李老师: 初中英语、高中英语、新概念英语
(90003, 80002, 2022, 10003),
(90004, 80002, 2032, 10004),
(90005, 80002, 2040, 10005),
-- T100003 王老师: 初中物理、高中物理
(90006, 80003, 2023, 10003),
(90007, 80003, 2033, 10004),
-- T100004 陈老师: 素描、卡通画
(90008, 80004, 2080, 10009),
(90009, 80004, 2085, 10009),
-- T100005 刘老师: 钢琴
(90010, 80005, 2070, 10008),
-- T100006 赵老师: 初中化学、高中化学
(90011, 80006, 2024, 10003),
(90012, 80006, 2034, 10004),
-- T100007 孙老师: 小学语文、初中语文、高中语文
(90013, 80007, 2010, 10002),
(90014, 80007, 2020, 10003),
(90015, 80007, 2030, 10004),
-- T100008 周老师: 日语
(90016, 80008, 2060, 10007),
-- T100009 吴老师: 初中数学、小学数学
(90017, 80009, 2011, 10002),
(90018, 80009, 2021, 10003),
-- T100010 郑老师: 编程、Python
(90019, 80010, 2100, 10011),
(90020, 80010, 2102, 10011),
-- T100011 冯老师: 编程、C/C++
(90021, 80011, 2100, 10011),
(90022, 80011, 2103, 10011),
-- T100012 杨老师: 初中英语、高中英语
(90023, 80012, 2022, 10003),
(90024, 80012, 2032, 10004),
-- T100013 何老师: 初中物理、高中物理
(90025, 80013, 2023, 10003),
(90026, 80013, 2033, 10004),
-- T100014 林老师: 高中化学、高中生物
(90027, 80014, 2034, 10004),
(90028, 80014, 2035, 10004),
-- T100015 高老师: 初中数学、高中数学
(90029, 80015, 2021, 10003),
(90030, 80015, 2031, 10004),
-- T100016 马老师: 初中政治、高中政治、初中历史
(90031, 80016, 2028, 10003),
(90032, 80016, 2038, 10004),
(90033, 80016, 2026, 10003),
-- T100017 罗老师: 围棋
(90034, 80017, 2093, 10010),
-- T100018 梁老师: 学前教育、幼儿陪读
(90035, 80018, 2001, 10001),
(90036, 80018, 2002, 10001),
-- T100019 谢老师: 英语口语、雅思、托福
(90037, 80019, 2041, 10005),
(90038, 80019, 2043, 10005),
(90039, 80019, 2044, 10005),
-- T100020 宋老师: 德语
(90040, 80020, 2063, 10007)
ON DUPLICATE KEY UPDATE `subject_id`=VALUES(`subject_id`);

-- ===========================================================
-- 九、示例教员授课区域
-- ===========================================================
INSERT INTO `tutor_teaching_area` (`id`, `tutor_id`, `city_id`, `district_id`) VALUES
(95001, 80001, 1, 108), -- 杨浦
(95002, 80001, 1, 107), -- 虹口
(95003, 80002, 1, 102), -- 徐汇
(95004, 80002, 1, 103), -- 长宁
(95005, 80003, 1, 101), -- 浦东
(95006, 80003, 1, 104), -- 闵行
(95007, 80004, 1, 108), -- 杨浦
(95008, 80005, 1, 106), -- 静安
(95009, 80005, 1, 105), -- 黄浦
(95010, 80006, 1, 102), -- 徐汇
(95011, 80007, 1, 109), -- 普陀
(95012, 80007, 1, 106), -- 静安
(95013, 80008, 1, 107), -- 虹口
(95014, 80009, 1, 108), -- 杨浦
(95015, 80010, 1, 104), -- 闵行
(95016, 80010, 1, 102), -- 徐汇
(95017, 80011, 1, 113), -- 宝山
(95018, 80012, 1, 104), -- 闵行
(95019, 80012, 1, 102), -- 徐汇
(95020, 80013, 1, 108), -- 杨浦
(95021, 80014, 1, 102), -- 徐汇
(95022, 80015, 1, 101), -- 浦东
(95023, 80015, 1, 104), -- 闵行
(95024, 80016, 1, 114), -- 松江
(95025, 80017, 1, 102), -- 徐汇
(95026, 80018, 1, 104), -- 闵行
(95027, 80019, 1, 106), -- 静安
(95028, 80019, 1, 105), -- 黄浦
(95029, 80020, 1, 108), -- 杨浦
(95030, 80020, 1, 101)  -- 浦东
ON DUPLICATE KEY UPDATE `district_id`=VALUES(`district_id`);

-- ===========================================================
-- 十、示例学员需求(10条)
-- ===========================================================
INSERT INTO `tutor_requirement` (`id`, `display_no`, `user_id`, `title`, `subject_ids`, `grade_id`, `city_id`, `district_id`, `student_gender`, `tutor_gender`, `tutor_type_pref`, `teaching_method`, `budget_min`, `budget_max`, `requirement_detail`, `contact_name`, `contact_mobile`, `req_status`, `view_count`, `application_count`) VALUES
(70001, 'A100001', 0, '初二数学一对一',     '[2021]', 3009, 1, 101, 1, 0, '[1,3]', 1, 100, 150, '孩子初二，数学成绩中等偏下，希望老师上门辅导，每周两次。', '王女士', '13800000001', 2, 45, 3),
(70002, 'A100002', 0, '高一英语补习',       '[2032]', 3011, 1, 102, 2, 0, '[1]',   1, 120, 180, '高一英语基础薄弱，需要从语法开始补起。', '张先生', '13800000002', 2, 38, 2),
(70003, 'A100003', 0, '小学三年级全科辅导', '[2013]', 3004, 1, 104, 1, 2, '[1]',   1, 80,  120, '小学三年级，语数英全科辅导，希望女老师。', '陈女士', '13800000003', 2, 62, 5),
(70004, 'A100004', 0, '钢琴陪练',           '[2070]', 3002, 1, 106, 2, 0, NULL,    1, 150, 200, '孩子6岁，学琴一年，需要陪练老师每周3次。', '李女士', '13800000004', 2, 51, 4),
(70005, 'A100005', 0, '高三数学冲刺',       '[2031]', 3013, 1, 108, 1, 0, '[3]',   1, 300, 500, '高三数学需要在职老师冲刺辅导，目标130+。', '赵先生', '13800000005', 2, 89, 6),
(70006, 'A100006', 0, '日语零基础入门',     '[2060]', 3014, 1, 107, 2, 0, NULL,    3, 100, 150, '大学生，想学日语，从零开始，可接受网课。', '周同学', '13800000006', 2, 33, 2),
(70007, 'A100007', 0, '初三物理提升',       '[2023]', 3010, 1, 109, 1, 1, '[1,3]', 1, 150, 250, '初三物理需要提升，目标中考A+。', '吴先生', '13800000007', 2, 42, 3),
(70008, 'A100008', 0, '素描零基础',         '[2080]', 3008, 1, 102, 2, 0, '[1]',   1, 120, 180, '初一女生，想学素描，无基础。', '郑女士', '13800000008', 2, 28, 1),
(70009, 'A100009', 0, '少儿编程入门',       '[2100]', 3005, 1, 104, 1, 0, '[2]',   0, 150, 250, '五年级，对编程感兴趣，想学Scratch和Python。', '孙先生', '13800000009', 2, 56, 4),
(70010, 'A100010', 0, '幼儿启蒙教育',       '[2001]', 3001, 1, 113, 2, 2, '[1]',   1, 80,  120, '幼儿园中班，需要启蒙老师教认字和数学。', '马女士', '13800000010', 2, 37, 2)
ON DUPLICATE KEY UPDATE `title`=VALUES(`title`);

-- ===========================================================
-- 十一、示例轮播图
-- ===========================================================
INSERT INTO `website_banner` (`id`, `city_id`, `banner_title`, `banner_img`, `banner_link`, `position`, `sort`) VALUES
(8001, 1, '上海家教 名师辅导',   'placeholder/banner1.jpg', '/jy',  'home', 1),
(8002, 1, '免费发布找家教需求', 'placeholder/banner2.jpg', '/qjj', 'home', 2),
(8003, 1, '优秀教员 等你来选',   'placeholder/banner3.jpg', '/jy',  'home', 3)
ON DUPLICATE KEY UPDATE `banner_title`=VALUES(`banner_title`);
