-- ============================================================
-- 合肥站种子数据
-- tutor-platform-seed-hefei.sql
-- 包含：城市、9区县、子区域、高校、价格参考、首页配置、示例教员、示例需求
-- ============================================================

USE `roncoo_education`;
SET NAMES utf8mb4;

-- ===========================================================
-- 一、城市：合肥 (已存在, 激活并设为热门)
-- ===========================================================
UPDATE `dict_city` SET `status_id` = 1, `is_hot` = 1 WHERE `id` = 3;

-- ===========================================================
-- 二、合肥9区县
-- ===========================================================
INSERT INTO `dict_district` (`id`, `city_id`, `district_name`, `district_pinyin`, `sort`) VALUES
(301, 3, '蜀山区', 'shushan',  1),
(302, 3, '庐阳区', 'luyang',   2),
(303, 3, '包河区', 'baohe',    3),
(304, 3, '瑶海区', 'yaohai',   4),
(305, 3, '高新区', 'gaoxin',   5),
(306, 3, '经开区', 'jingkai',  6),
(307, 3, '新站区', 'xinzhan',  7),
(308, 3, '肥东县', 'feidong',  8),
(309, 3, '肥西县', 'feixi',    9)
ON DUPLICATE KEY UPDATE `district_name`=VALUES(`district_name`);

-- ===========================================================
-- 三、子区域(每区主要街道/镇)
-- ===========================================================
INSERT INTO `dict_sub_district` (`id`, `district_id`, `name`, `sort`) VALUES
-- 蜀山区
(30101, 301, '稻香村',     1),
(30102, 301, '三里庵',     2),
(30103, 301, '琥珀',       3),
(30104, 301, '西园',       4),
(30105, 301, '井岗',       5),
-- 庐阳区
(30201, 302, '三孝口',     1),
(30202, 302, '逍遥津',     2),
(30203, 302, '亳州路',     3),
(30204, 302, '杏花村',     4),
(30205, 302, '双岗',       5),
-- 包河区
(30301, 303, '芜湖路',     1),
(30302, 303, '包公',       2),
(30303, 303, '常青',       3),
(30304, 303, '望湖',       4),
(30305, 303, '滨湖世纪',   5),
-- 瑶海区
(30401, 304, '明光路',     1),
(30402, 304, '三里街',     2),
(30403, 304, '铜陵路',     3),
(30404, 304, '七里站',     4),
(30405, 304, '大兴',       5),
-- 高新区
(30501, 305, '蜀麓',       1),
(30502, 305, '兴园',       2),
(30503, 305, '长宁',       3),
(30504, 305, '南岗',       4),
-- 经开区
(30601, 306, '莲花',       1),
(30602, 306, '锦绣',       2),
(30603, 306, '芙蓉',       3),
(30604, 306, '海恒',       4),
-- 新站区
(30701, 307, '三十头',     1),
(30702, 307, '磨店',       2),
(30703, 307, '瑶海',       3),
(30704, 307, '七里塘',     4),
-- 肥东县
(30801, 308, '店埠',       1),
(30802, 308, '撮镇',       2),
(30803, 308, '桥头集',     3),
(30804, 308, '长临河',     4),
-- 肥西县
(30901, 309, '上派',       1),
(30902, 309, '桃花',       2),
(30903, 309, '花岗',       3),
(30904, 309, '三河',       4)
ON DUPLICATE KEY UPDATE `name`=VALUES(`name`);

-- ===========================================================
-- 四、合肥高校（18所）
-- ===========================================================
INSERT INTO `dict_university` (`id`, `city_id`, `uni_name`, `uni_short`, `is_hot`, `sort`) VALUES
(5201, 3, '中国科学技术大学',         '中科大', 1, 1),
(5202, 3, '合肥工业大学',             '合工大', 1, 2),
(5203, 3, '安徽大学',                 '安大',   1, 3),
(5204, 3, '安徽医科大学',             NULL,     0, 4),
(5205, 3, '安徽农业大学',             NULL,     0, 5),
(5206, 3, '安徽建筑大学',             NULL,     0, 6),
(5207, 3, '合肥学院',                 NULL,     0, 7),
(5208, 3, '合肥师范学院',             NULL,     0, 8),
(5209, 3, '安徽中医药大学',           NULL,     0, 9),
(5210, 3, '安徽新华学院',             NULL,     0, 10),
(5211, 3, '安徽三联学院',             NULL,     0, 11),
(5212, 3, '安徽外国语学院',           NULL,     0, 12),
(5213, 3, '安徽大学江淮学院',         NULL,     0, 13),
(5214, 3, '合肥工业大学宣城校区',     NULL,     0, 14),
(5215, 3, '安徽职业技术学院',         NULL,     0, 15),
(5216, 3, '合肥职业技术学院',         NULL,     0, 16),
(5217, 3, '安徽财贸职业学院',         NULL,     0, 17),
(5218, 3, '合肥幼儿师范高等专科学校', NULL,     0, 18)
ON DUPLICATE KEY UPDATE `uni_name`=VALUES(`uni_name`);

-- ===========================================================
-- 五、合肥价格参考
-- tutor_type: 1大学生 2专职 3在职教师 4海归外教
-- grade_level: 1小学 2初中 3高中
-- ===========================================================
INSERT INTO `price_reference` (`id`, `city_id`, `tutor_type`, `grade_level`, `price_min`, `price_max`, `remark`, `sort`) VALUES
(6201, 3, 1, 1, 50,  80,  '大学生 小学',   1),
(6202, 3, 1, 2, 60,  100, '大学生 初中',   2),
(6203, 3, 1, 3, 80,  150, '大学生 高中',   3),
(6204, 3, 3, 1, 100, 180, '在职教师 小学', 4),
(6205, 3, 3, 2, 150, 280, '在职教师 初中', 5),
(6206, 3, 3, 3, 200, 400, '在职教师 高中', 6),
(6207, 3, 2, 1, 80,  150, '专职教员 小学', 7),
(6208, 3, 2, 2, 100, 200, '专职教员 初中', 8),
(6209, 3, 2, 3, 150, 300, '专职教员 高中', 9),
(6210, 3, 4, 1, 150, 250, '海归外教 小学', 10),
(6211, 3, 4, 2, 200, 320, '海归外教 初中', 11),
(6212, 3, 4, 3, 250, 400, '海归外教 高中', 12)
ON DUPLICATE KEY UPDATE `price_min`=VALUES(`price_min`);

-- ===========================================================
-- 六、合肥首页配置
-- ===========================================================
INSERT INTO `homepage_config` (`id`, `city_id`, `config_key`, `config_value`) VALUES
(7201, 3, 'hotline',       '400-000-0000'),
(7202, 3, 'hotline_hours', '周一至周日 9:00-20:00'),
(7203, 3, 'seo_title',     '合肥家教_合肥家教网_合肥找家教老师'),
(7204, 3, 'seo_desc',      '合肥家教平台为您提供优质合肥家教老师，覆盖蜀山、庐阳、包河、瑶海等区，涵盖小学、初中、高中全科及艺术特长辅导，大学生家教、专职教师、在职教师任您选择。'),
(7205, 3, 'seo_keywords',  '合肥家教,合肥家教网,合肥找家教,合肥家教老师,合肥一对一家教'),
(7206, 3, 'intro_text',    '专注合肥家教服务，连接优秀教员与学员家庭，提供一对一上门辅导和在线教学。'),
(7207, 3, 'service_desc',  '平台免费发布需求，专业客服匹配教员，教学质量有保障。')
ON DUPLICATE KEY UPDATE `config_value`=VALUES(`config_value`);

-- ===========================================================
-- 七、示例教员数据(10条,用于首页和列表展示)
-- 注意: user_id 使用虚拟ID(92001-92010)，display_no 以T开头
-- ===========================================================
INSERT INTO `tutor_profile` (`id`, `user_id`, `display_no`, `real_name`, `gender`, `birth_date`, `tutor_type`, `degree`, `university`, `university_id`, `major`, `grade_year`, `city_id`, `district_id`, `teaching_method`, `price_min`, `price_max`, `self_introduction`, `teaching_experience`, `audit_status`, `is_verified`, `is_star`, `sort`, `view_count`, `success_count`, `login_count`) VALUES
(82001, 92001, 'T300001', '陈',  1, '2003-03-12', 1, 3, '中国科学技术大学', 5201, '数学科学学院', '大三', 3, 301, 1, 80, 150, '中科大数学系在读，高考数学148分，全国数学竞赛省一等奖。', '辅导过6名初高中学生数学，平均提分25+。', 4, 1, 1, 100, 105, 6, 15),
(82002, 92002, 'T300002', '刘',  2, '2002-07-20', 1, 3, '合肥工业大学',     5202, '英语系',       '大四', 3, 303, 1, 60, 100, '合工大英语专业，专四优秀，英语六级620分。', '辅导过5名学生英语，擅长语法和阅读理解。', 4, 1, 0, 99, 88, 5, 12),
(82003, 92003, 'T300003', '王',  1, '1986-11-05', 3, 4, '安徽大学',         5203, '物理教育',     NULL,   3, 302, 1, 180, 280, '在职物理教师，14年教龄，中教高级职称。', '带过多届毕业班，学生中考物理平均分80+。', 4, 1, 1, 98, 198, 13, 40),
(82004, 92004, 'T300004', '张',  2, '2003-09-18', 1, 3, '安徽大学',         5203, '化学系',       '大二', 3, 301, 0, 60, 100, '安大化学系在读，化学竞赛省二等奖。', '辅导过3名高中生化学，经验丰富。', 4, 1, 0, 97, 52, 3, 8),
(82005, 92005, 'T300005', '李',  1, '1992-04-25', 2, 4, NULL,               NULL, '钢琴演奏',     NULL,   3, 302, 1, 120, 200, '专职钢琴教师，安徽省音乐家协会会员。', '8年钢琴教学经验，学生多次在省市比赛中获奖。', 4, 1, 1, 96, 145, 10, 25),
(82006, 92006, 'T300006', '赵',  2, '2002-01-30', 1, 3, '中国科学技术大学', 5201, '计算机科学',   '大三', 3, 305, 0, 80, 130, '中科大计算机系在读，ACM竞赛区域赛银奖。', '辅导过4名高中生信息技术竞赛和数学。', 4, 1, 0, 95, 73, 4, 10),
(82007, 92007, 'T300007', '孙',  1, '1989-08-15', 3, 4, '合肥师范学院',     5208, '语文教育',     NULL,   3, 304, 1, 150, 250, '在职语文教师，区骨干教师，教龄10年。', '擅长作文和阅读理解教学，多名学生作文获奖。', 4, 1, 0, 94, 132, 9, 22),
(82008, 92008, 'T300008', '周',  2, '2003-05-08', 1, 3, '合肥工业大学',     5202, '材料科学',     '大二', 3, 306, 1, 50, 80, '合工大材料系在读，擅长小学全科辅导。', '辅导过3名小学生语数英，耐心细致。', 4, 0, 0, 93, 38, 2, 6),
(82009, 92009, 'T300009', '吴',  1, '1984-02-20', 3, 5, NULL,               NULL, '数学教育',     NULL,   3, 303, 1, 200, 400, '重点中学数学教研组长，硕士学历，18年教龄。', '多名学生考入中科大、合工大等名校。', 4, 1, 1, 92, 267, 20, 50),
(82010, 92010, 'T300010', '郑',  2, '2001-12-10', 1, 3, '安徽医科大学',     5204, '临床医学',     '大四', 3, 303, 0, 70, 120, '安医大临床医学在读，擅长理综教学。', '辅导过4名学生化学和生物，提分效果好。', 4, 1, 0, 91, 61, 4, 9)
ON DUPLICATE KEY UPDATE `real_name`=VALUES(`real_name`);

-- 设置教员最近登录时间（模拟不同活跃度）
UPDATE `tutor_profile` SET `last_login_time` = DATE_SUB(NOW(), INTERVAL 1 HOUR)   WHERE `id` = 82003;
UPDATE `tutor_profile` SET `last_login_time` = DATE_SUB(NOW(), INTERVAL 2 HOUR)   WHERE `id` = 82009;
UPDATE `tutor_profile` SET `last_login_time` = DATE_SUB(NOW(), INTERVAL 5 HOUR)   WHERE `id` = 82001;
UPDATE `tutor_profile` SET `last_login_time` = DATE_SUB(NOW(), INTERVAL 12 HOUR)  WHERE `id` = 82002;
UPDATE `tutor_profile` SET `last_login_time` = DATE_SUB(NOW(), INTERVAL 1 DAY)    WHERE `id` = 82005;
UPDATE `tutor_profile` SET `last_login_time` = DATE_SUB(NOW(), INTERVAL 2 DAY)    WHERE `id` = 82007;
UPDATE `tutor_profile` SET `last_login_time` = DATE_SUB(NOW(), INTERVAL 3 DAY)    WHERE `id` = 82006;
UPDATE `tutor_profile` SET `last_login_time` = DATE_SUB(NOW(), INTERVAL 5 DAY)    WHERE `id` = 82004;
UPDATE `tutor_profile` SET `last_login_time` = DATE_SUB(NOW(), INTERVAL 10 DAY)   WHERE `id` = 82010;
UPDATE `tutor_profile` SET `last_login_time` = DATE_SUB(NOW(), INTERVAL 14 DAY)   WHERE `id` = 82008;

-- ===========================================================
-- 八、示例教员科目关联
-- ===========================================================
INSERT INTO `tutor_subject` (`id`, `tutor_id`, `subject_id`, `category_id`) VALUES
-- T300001 陈老师: 初中数学、高中数学
(92101, 82001, 2021, 10003),
(92102, 82001, 2031, 10004),
-- T300002 刘老师: 初中英语、高中英语、新概念英语
(92103, 82002, 2022, 10003),
(92104, 82002, 2032, 10004),
(92105, 82002, 2040, 10005),
-- T300003 王老师: 初中物理、高中物理
(92106, 82003, 2023, 10003),
(92107, 82003, 2033, 10004),
-- T300004 张老师: 初中化学、高中化学
(92108, 82004, 2024, 10003),
(92109, 82004, 2034, 10004),
-- T300005 李老师: 钢琴
(92110, 82005, 2070, 10008),
-- T300006 赵老师: 编程、Python、高中数学
(92111, 82006, 2100, 10011),
(92112, 82006, 2102, 10011),
(92113, 82006, 2031, 10004),
-- T300007 孙老师: 小学语文、初中语文、高中语文
(92114, 82007, 2010, 10002),
(92115, 82007, 2020, 10003),
(92116, 82007, 2030, 10004),
-- T300008 周老师: 小学数学、小学英语
(92117, 82008, 2011, 10002),
(92118, 82008, 2012, 10002),
-- T300009 吴老师: 初中数学、高中数学
(92119, 82009, 2021, 10003),
(92120, 82009, 2031, 10004),
-- T300010 郑老师: 高中化学、高中生物
(92121, 82010, 2034, 10004),
(92122, 82010, 2035, 10004)
ON DUPLICATE KEY UPDATE `subject_id`=VALUES(`subject_id`);

-- ===========================================================
-- 九、示例教员授课区域
-- ===========================================================
INSERT INTO `tutor_teaching_area` (`id`, `tutor_id`, `city_id`, `district_id`) VALUES
(97001, 82001, 3, 301), -- 蜀山
(97002, 82001, 3, 305), -- 高新
(97003, 82002, 3, 303), -- 包河
(97004, 82002, 3, 301), -- 蜀山
(97005, 82003, 3, 302), -- 庐阳
(97006, 82003, 3, 304), -- 瑶海
(97007, 82004, 3, 301), -- 蜀山
(97008, 82004, 3, 302), -- 庐阳
(97009, 82005, 3, 302), -- 庐阳
(97010, 82005, 3, 301), -- 蜀山
(97011, 82006, 3, 305), -- 高新
(97012, 82006, 3, 301), -- 蜀山
(97013, 82007, 3, 304), -- 瑶海
(97014, 82007, 3, 307), -- 新站
(97015, 82008, 3, 306), -- 经开
(97016, 82008, 3, 301), -- 蜀山
(97017, 82009, 3, 303), -- 包河
(97018, 82009, 3, 302), -- 庐阳
(97019, 82010, 3, 303), -- 包河
(97020, 82010, 3, 306)  -- 经开
ON DUPLICATE KEY UPDATE `district_id`=VALUES(`district_id`);

-- ===========================================================
-- 十、示例学员需求(5条)
-- ===========================================================
INSERT INTO `tutor_requirement` (`id`, `display_no`, `user_id`, `title`, `subject_ids`, `grade_id`, `city_id`, `district_id`, `student_gender`, `tutor_gender`, `tutor_type_pref`, `teaching_method`, `budget_min`, `budget_max`, `requirement_detail`, `contact_name`, `contact_mobile`, `req_status`, `view_count`, `application_count`) VALUES
(72001, 'A300001', 0, '初二数学一对一',     '[2021]', 3009, 3, 301, 1, 0, '[1,3]', 1, 60,  100, '孩子初二，数学成绩中等偏下，希望老师上门辅导，每周两次，家住蜀山区三里庵附近。', '王女士', '13800000001', 2, 38, 3),
(72002, 'A300002', 0, '高一英语补习',       '[2032]', 3011, 3, 303, 2, 0, '[1]',   1, 80,  150, '高一英语基础薄弱，需要从语法开始补起，包河区望湖城附近。', '张先生', '13800000002', 2, 29, 2),
(72003, 'A300003', 0, '小学四年级全科辅导', '[2013]', 3005, 3, 302, 1, 2, '[1]',   1, 50,  80,  '小学四年级，语数英全科辅导，希望女老师，庐阳区三孝口附近。', '陈女士', '13800000003', 2, 45, 4),
(72004, 'A300004', 0, '高三数学冲刺',       '[2031]', 3013, 3, 305, 1, 0, '[3]',   1, 200, 400, '高三数学需要在职老师冲刺辅导，目标130+，高新区。', '赵先生', '13800000004', 2, 72, 5),
(72005, 'A300005', 0, '钢琴陪练',           '[2070]', 3002, 3, 302, 2, 0, NULL,    1, 100, 150, '孩子7岁，学琴一年半，需要陪练老师每周2次，庐阳区逍遥津附近。', '李女士', '13800000005', 2, 41, 3)
ON DUPLICATE KEY UPDATE `title`=VALUES(`title`);

-- ===========================================================
-- 十一、示例轮播图
-- ===========================================================
INSERT INTO `website_banner` (`id`, `city_id`, `banner_title`, `banner_img`, `banner_link`, `position`, `sort`) VALUES
(8201, 3, '合肥家教 名师辅导',   'placeholder/banner1.jpg', '/jy',  'home', 1),
(8202, 3, '免费发布找家教需求', 'placeholder/banner2.jpg', '/qjj', 'home', 2),
(8203, 3, '优秀教员 等你来选',   'placeholder/banner3.jpg', '/jy',  'home', 3)
ON DUPLICATE KEY UPDATE `banner_title`=VALUES(`banner_title`);
