-- ============================================================
-- 北京站种子数据
-- tutor-platform-seed-beijing.sql
-- 包含：城市、16区、子区域、高校、价格参考、首页配置、示例教员、示例需求
-- ============================================================

USE `roncoo_education`;
SET NAMES utf8mb4;

-- ===========================================================
-- 一、城市：北京
-- ===========================================================
INSERT INTO `dict_city` (`id`, `city_name`, `city_pinyin`, `province_name`, `is_hot`, `sort`) VALUES
(6, '北京', 'beijing', '北京市', 1, 2)
ON DUPLICATE KEY UPDATE `city_name`=VALUES(`city_name`);

-- ===========================================================
-- 二、北京16区
-- ===========================================================
INSERT INTO `dict_district` (`id`, `city_id`, `district_name`, `district_pinyin`, `sort`) VALUES
(601, 6, '东城区',   'dongcheng',   1),
(602, 6, '西城区',   'xicheng',     2),
(603, 6, '朝阳区',   'chaoyang',    3),
(604, 6, '海淀区',   'haidian',     4),
(605, 6, '丰台区',   'fengtai',     5),
(606, 6, '石景山区', 'shijingshan', 6),
(607, 6, '通州区',   'tongzhou',    7),
(608, 6, '顺义区',   'shunyi',      8),
(609, 6, '房山区',   'fangshan',    9),
(610, 6, '大兴区',   'daxing',      10),
(611, 6, '昌平区',   'changping',   11),
(612, 6, '怀柔区',   'huairou',     12),
(613, 6, '平谷区',   'pinggu',      13),
(614, 6, '密云区',   'miyun',       14),
(615, 6, '延庆区',   'yanqing',     15),
(616, 6, '门头沟区', 'mentougou',   16)
ON DUPLICATE KEY UPDATE `district_name`=VALUES(`district_name`);

-- ===========================================================
-- 三、子区域(每区主要街道/镇,选取代表性的)
-- ===========================================================
INSERT INTO `dict_sub_district` (`id`, `district_id`, `name`, `sort`) VALUES
-- 东城区
(60101, 601, '王府井',   1),
(60102, 601, '东直门',   2),
(60103, 601, '建国门',   3),
(60104, 601, '朝阳门',   4),
(60105, 601, '安定门',   5),
-- 西城区
(60201, 602, '西单',     1),
(60202, 602, '金融街',   2),
(60203, 602, '德胜门',   3),
(60204, 602, '什刹海',   4),
(60205, 602, '月坛',     5),
-- 朝阳区
(60301, 603, '国贸',     1),
(60302, 603, '望京',     2),
(60303, 603, '三里屯',   3),
(60304, 603, '亚运村',   4),
(60305, 603, '双井',     5),
(60306, 603, '劲松',     6),
-- 海淀区
(60401, 604, '中关村',   1),
(60402, 604, '五道口',   2),
(60403, 604, '学院路',   3),
(60404, 604, '上地',     4),
(60405, 604, '西北旺',   5),
(60406, 604, '清河',     6),
-- 丰台区
(60501, 605, '丰台',     1),
(60502, 605, '方庄',     2),
(60503, 605, '马家堡',   3),
(60504, 605, '大红门',   4),
(60505, 605, '花乡',     5),
-- 石景山区
(60601, 606, '八角',     1),
(60602, 606, '古城',     2),
(60603, 606, '苹果园',   3),
(60604, 606, '鲁谷',     4),
-- 通州区
(60701, 607, '梨园',     1),
(60702, 607, '北苑',     2),
(60703, 607, '九棵树',   3),
(60704, 607, '马驹桥',   4),
-- 顺义区
(60801, 608, '仁和',     1),
(60802, 608, '后沙峪',   2),
(60803, 608, '天竺',     3),
(60804, 608, '马坡',     4),
-- 房山区
(60901, 609, '良乡',     1),
(60902, 609, '长阳',     2),
(60903, 609, '城关',     3),
(60904, 609, '窦店',     4),
-- 大兴区
(61001, 610, '黄村',     1),
(61002, 610, '亦庄',     2),
(61003, 610, '旧宫',     3),
(61004, 610, '西红门',   4),
-- 昌平区
(61101, 611, '回龙观',   1),
(61102, 611, '天通苑',   2),
(61103, 611, '沙河',     3),
(61104, 611, '城北',     4),
-- 怀柔区
(61201, 612, '怀柔城区', 1),
(61202, 612, '雁栖',     2),
-- 平谷区
(61301, 613, '平谷城区', 1),
(61302, 613, '兴谷',     2),
-- 密云区
(61401, 614, '密云城区', 1),
(61402, 614, '溪翁庄',   2),
-- 延庆区
(61501, 615, '延庆城区', 1),
(61502, 615, '康庄',     2),
-- 门头沟区
(61601, 616, '大峪',     1),
(61602, 616, '城子',     2)
ON DUPLICATE KEY UPDATE `name`=VALUES(`name`);

-- ===========================================================
-- 四、北京高校（约30所主要高校）
-- ===========================================================
INSERT INTO `dict_university` (`id`, `city_id`, `uni_name`, `uni_short`, `is_hot`, `sort`) VALUES
(5401, 6, '北京大学',             '北大',   1, 1),
(5402, 6, '清华大学',             '清华',   1, 2),
(5403, 6, '中国人民大学',         '人大',   1, 3),
(5404, 6, '北京师范大学',         '北师大', 1, 4),
(5405, 6, '北京航空航天大学',     '北航',   1, 5),
(5406, 6, '北京理工大学',         '北理工', 1, 6),
(5407, 6, '中国农业大学',         NULL,     0, 7),
(5408, 6, '北京交通大学',         NULL,     0, 8),
(5409, 6, '北京科技大学',         NULL,     0, 9),
(5410, 6, '北京邮电大学',         '北邮',   1, 10),
(5411, 6, '北京化工大学',         NULL,     0, 11),
(5412, 6, '北京林业大学',         NULL,     0, 12),
(5413, 6, '北京中医药大学',       NULL,     0, 13),
(5414, 6, '中国传媒大学',         NULL,     0, 14),
(5415, 6, '中央财经大学',         '央财',   1, 15),
(5416, 6, '对外经济贸易大学',     '贸大',   0, 16),
(5417, 6, '中国政法大学',         '法大',   0, 17),
(5418, 6, '中央民族大学',         NULL,     0, 18),
(5419, 6, '北京外国语大学',       '北外',   0, 19),
(5420, 6, '北京语言大学',         '北语',   0, 20),
(5421, 6, '中国地质大学(北京)',   NULL,     0, 21),
(5422, 6, '中国矿业大学(北京)',   NULL,     0, 22),
(5423, 6, '中国石油大学(北京)',   NULL,     0, 23),
(5424, 6, '首都师范大学',         '首师大', 0, 24),
(5425, 6, '首都经济贸易大学',     NULL,     0, 25),
(5426, 6, '北京工业大学',         NULL,     0, 26),
(5427, 6, '北京第二外国语学院',   NULL,     0, 27),
(5428, 6, '北京联合大学',         NULL,     0, 28),
(5429, 6, '北京建筑大学',         NULL,     0, 29),
(5430, 6, '北京信息科技大学',     NULL,     0, 30)
ON DUPLICATE KEY UPDATE `uni_name`=VALUES(`uni_name`);

-- ===========================================================
-- 五、北京价格参考
-- tutor_type: 1大学生 2专职 3在职教师 4海归外教
-- grade_level: 1小学 2初中 3高中
-- ===========================================================
INSERT INTO `price_reference` (`id`, `city_id`, `tutor_type`, `grade_level`, `price_min`, `price_max`, `remark`, `sort`) VALUES
(6401, 6, 1, 1, 80,  130, '大学生 小学',   1),
(6402, 6, 1, 2, 100, 160, '大学生 初中',   2),
(6403, 6, 1, 3, 130, 220, '大学生 高中',   3),
(6404, 6, 2, 1, 130, 220, '专职教员 小学', 4),
(6405, 6, 2, 2, 160, 300, '专职教员 初中', 5),
(6406, 6, 2, 3, 220, 420, '专职教员 高中', 6),
(6407, 6, 3, 1, 160, 260, '在职教师 小学', 7),
(6408, 6, 3, 2, 230, 380, '在职教师 初中', 8),
(6409, 6, 3, 3, 320, 550, '在职教师 高中', 9),
(6410, 6, 4, 1, 220, 380, '海归外教 小学', 10),
(6411, 6, 4, 2, 280, 450, '海归外教 初中', 11),
(6412, 6, 4, 3, 350, 550, '海归外教 高中', 12)
ON DUPLICATE KEY UPDATE `price_min`=VALUES(`price_min`);

-- ===========================================================
-- 六、北京首页配置
-- ===========================================================
INSERT INTO `homepage_config` (`id`, `city_id`, `config_key`, `config_value`) VALUES
(7401, 6, 'hotline',       '400-000-0000'),
(7402, 6, 'hotline_hours', '周一至周日 9:00-20:00'),
(7403, 6, 'seo_title',     '北京家教_北京家教网_北京找家教老师'),
(7404, 6, 'seo_desc',      '北京家教平台为您提供优质北京家教老师，覆盖北京16区，涵盖小学、初中、高中全科及艺术特长辅导，大学生家教、专职教师、在职教师任您选择。'),
(7405, 6, 'seo_keywords',  '北京家教,北京家教网,北京找家教,北京家教老师,北京一对一家教'),
(7406, 6, 'intro_text',    '专注北京家教服务，连接优秀教员与学员家庭，提供一对一上门辅导和在线教学。'),
(7407, 6, 'service_desc',  '平台免费发布需求，专业客服匹配教员，教学质量有保障。')
ON DUPLICATE KEY UPDATE `config_value`=VALUES(`config_value`);

-- ===========================================================
-- 七、示例教员数据(10条,用于首页和列表展示)
-- 注意: user_id 使用虚拟ID(94001-94010)，display_no 以T开头
-- ===========================================================
INSERT INTO `tutor_profile` (`id`, `user_id`, `display_no`, `real_name`, `gender`, `birth_date`, `tutor_type`, `degree`, `university`, `university_id`, `major`, `grade_year`, `city_id`, `district_id`, `teaching_method`, `price_min`, `price_max`, `self_introduction`, `teaching_experience`, `audit_status`, `is_verified`, `is_star`, `sort`, `view_count`, `success_count`, `login_count`) VALUES
(84001, 94001, 'T600001', '陈',  1, '2002-03-12', 1, 3, '北京大学',         5401, '数学科学学院', '大三', 6, 604, 1, 120, 180, '北大数学系在读，高考数学148分，全国数学竞赛银牌。', '辅导过6名初高中学生数学，平均提分25+。', 4, 1, 1, 100, 105, 6, 15),
(84002, 94002, 'T600002', '林',  2, '2001-08-20', 1, 3, '清华大学',         5402, '外文系',       '大四', 6, 604, 1, 130, 200, '清华外文系在读，英语专八优秀，托福115分。', '辅导过10名学生英语，擅长阅读和写作提升。', 4, 1, 1, 99, 178, 9, 22),
(84003, 94003, 'T600003', '张',  1, '1984-06-18', 3, 4, '北京师范大学',     5404, '物理教育',     NULL,   6, 601, 1, 280, 400, '在职物理教师，18年教龄，市级骨干教师。', '带过多届毕业班，学生中考物理平均分90+。', 4, 1, 1, 98, 256, 18, 50),
(84004, 94004, 'T600004', '王',  2, '2003-02-14', 1, 3, '中国人民大学',     5403, '新闻学院',     '大二', 6, 604, 3, 90,  130, '人大新闻学院在读，文笔优秀，擅长语文和作文辅导。', '辅导过4名中学生语文，作文提分显著。', 4, 1, 0, 97, 72, 4, 9),
(84005, 94005, 'T600005', '刘',  1, '1989-11-05', 2, 4, NULL,               NULL, '钢琴演奏',     NULL,   6, 603, 1, 220, 350, '专职钢琴教师，中央音乐学院毕业，中国音协会员。', '12年钢琴教学经验，多名学生通过十级考试。', 4, 1, 1, 96, 198, 14, 35),
(84006, 94006, 'T600006', '赵',  2, '2002-09-28', 1, 3, '北京航空航天大学', 5405, '计算机学院',   '大三', 6, 604, 0, 110, 160, '北航计算机在读，ACM竞赛区域赛金奖。', '辅导过5名高中生数学和信息学竞赛。', 4, 1, 0, 95, 85, 5, 12),
(84007, 94007, 'T600007', '孙',  1, '1986-04-22', 3, 4, '首都师范大学',     5424, '英语教育',     NULL,   6, 603, 1, 250, 350, '在职英语教师，区学科带头人，专八优秀。', '14年英语教学经验，擅长中高考英语冲刺。', 4, 1, 0, 94, 167, 12, 28),
(84008, 94008, 'T600008', '周',  2, '2001-07-10', 1, 3, '北京外国语大学',   5419, '法语系',       '大四', 6, 602, 3, 110, 160, '北外法语专业，法语DALF C1，法国交换一年。', '辅导过4名学生法语，零基础到B2。', 4, 1, 0, 93, 76, 4, 11),
(84009, 94009, 'T600009', '吴',  1, '2003-05-30', 1, 3, '北京邮电大学',     5410, '信息工程',     '大二', 6, 611, 1, 100, 150, '北邮信息工程在读，高考理综285分。', '辅导过3名初中生数理化，善于归纳总结。', 4, 0, 0, 92, 48, 2, 7),
(84010, 94010, 'T600010', '郑',  2, '1991-08-15', 2, 4, NULL,               NULL, '少儿编程',     NULL,   6, 603, 0, 160, 280, '专职编程教师，前互联网大厂高级工程师。', '4年少儿编程教学经验，Scratch/Python/C++。', 4, 1, 0, 91, 132, 9, 20)
ON DUPLICATE KEY UPDATE `real_name`=VALUES(`real_name`);

-- 设置教员最近登录时间（模拟不同活跃度）
UPDATE `tutor_profile` SET `last_login_time` = DATE_SUB(NOW(), INTERVAL 1 HOUR)   WHERE `id` = 84003;
UPDATE `tutor_profile` SET `last_login_time` = DATE_SUB(NOW(), INTERVAL 3 HOUR)   WHERE `id` = 84001;
UPDATE `tutor_profile` SET `last_login_time` = DATE_SUB(NOW(), INTERVAL 6 HOUR)   WHERE `id` = 84002;
UPDATE `tutor_profile` SET `last_login_time` = DATE_SUB(NOW(), INTERVAL 1 DAY)    WHERE `id` = 84005;
UPDATE `tutor_profile` SET `last_login_time` = DATE_SUB(NOW(), INTERVAL 1 DAY)    WHERE `id` = 84007;
UPDATE `tutor_profile` SET `last_login_time` = DATE_SUB(NOW(), INTERVAL 2 DAY)    WHERE `id` = 84006;
UPDATE `tutor_profile` SET `last_login_time` = DATE_SUB(NOW(), INTERVAL 3 DAY)    WHERE `id` = 84010;
UPDATE `tutor_profile` SET `last_login_time` = DATE_SUB(NOW(), INTERVAL 5 DAY)    WHERE `id` = 84004;
UPDATE `tutor_profile` SET `last_login_time` = DATE_SUB(NOW(), INTERVAL 7 DAY)    WHERE `id` = 84008;
UPDATE `tutor_profile` SET `last_login_time` = DATE_SUB(NOW(), INTERVAL 14 DAY)   WHERE `id` = 84009;

-- ===========================================================
-- 八、示例教员科目关联
-- ===========================================================
INSERT INTO `tutor_subject` (`id`, `tutor_id`, `subject_id`, `category_id`) VALUES
-- T600001 陈老师: 初中数学、高中数学
(94101, 84001, 2021, 10003),
(94102, 84001, 2031, 10004),
-- T600002 林老师: 初中英语、高中英语、托福
(94103, 84002, 2022, 10003),
(94104, 84002, 2032, 10004),
(94105, 84002, 2044, 10005),
-- T600003 张老师: 初中物理、高中物理
(94106, 84003, 2023, 10003),
(94107, 84003, 2033, 10004),
-- T600004 王老师: 小学语文、初中语文、高中语文
(94108, 84004, 2010, 10002),
(94109, 84004, 2020, 10003),
(94110, 84004, 2030, 10004),
-- T600005 刘老师: 钢琴
(94111, 84005, 2070, 10008),
-- T600006 赵老师: 高中数学、编程
(94112, 84006, 2031, 10004),
(94113, 84006, 2100, 10011),
-- T600007 孙老师: 初中英语、高中英语
(94114, 84007, 2022, 10003),
(94115, 84007, 2032, 10004),
-- T600008 周老师: 法语
(94116, 84008, 2064, 10007),
-- T600009 吴老师: 初中数学、初中物理
(94117, 84009, 2021, 10003),
(94118, 84009, 2023, 10003),
-- T600010 郑老师: 编程、Python
(94119, 84010, 2100, 10011),
(94120, 84010, 2102, 10011)
ON DUPLICATE KEY UPDATE `subject_id`=VALUES(`subject_id`);

-- ===========================================================
-- 九、示例教员授课区域
-- ===========================================================
INSERT INTO `tutor_teaching_area` (`id`, `tutor_id`, `city_id`, `district_id`) VALUES
(99001, 84001, 6, 604), -- 海淀
(99002, 84001, 6, 603), -- 朝阳
(99003, 84002, 6, 604), -- 海淀
(99004, 84002, 6, 602), -- 西城
(99005, 84003, 6, 601), -- 东城
(99006, 84003, 6, 602), -- 西城
(99007, 84004, 6, 604), -- 海淀
(99008, 84004, 6, 603), -- 朝阳
(99009, 84005, 6, 603), -- 朝阳
(99010, 84005, 6, 601), -- 东城
(99011, 84006, 6, 604), -- 海淀
(99012, 84006, 6, 611), -- 昌平
(99013, 84007, 6, 603), -- 朝阳
(99014, 84007, 6, 605), -- 丰台
(99015, 84008, 6, 602), -- 西城
(99016, 84008, 6, 601), -- 东城
(99017, 84009, 6, 611), -- 昌平
(99018, 84009, 6, 604), -- 海淀
(99019, 84010, 6, 603), -- 朝阳
(99020, 84010, 6, 604)  -- 海淀
ON DUPLICATE KEY UPDATE `district_id`=VALUES(`district_id`);

-- ===========================================================
-- 十、示例学员需求(5条)
-- ===========================================================
INSERT INTO `tutor_requirement` (`id`, `display_no`, `user_id`, `title`, `subject_ids`, `grade_id`, `city_id`, `district_id`, `student_gender`, `tutor_gender`, `tutor_type_pref`, `teaching_method`, `budget_min`, `budget_max`, `requirement_detail`, `contact_name`, `contact_mobile`, `req_status`, `view_count`, `application_count`) VALUES
(74001, 'A600001', 0, '初三数学一对一冲刺',   '[2021]', 3010, 6, 604, 1, 0, '[1,3]', 1, 120, 180, '孩子初三，数学成绩中等，希望找海淀区的老师上门辅导，每周两次，目标中考数学110+。', '李女士', '13900000001', 2, 52, 4),
(74002, 'A600002', 0, '高二英语提升',         '[2032]', 3012, 6, 603, 2, 0, '[1]',   1, 130, 200, '高二英语阅读理解和完形填空薄弱，需要系统提升。', '王先生', '13900000002', 2, 41, 3),
(74003, 'A600003', 0, '小学四年级语数英辅导', '[2013]', 3005, 6, 601, 1, 2, '[1]',   1, 90,  130, '小学四年级男生，语数英全科辅导，希望女老师，每周三次。', '张女士', '13900000003', 2, 68, 5),
(74004, 'A600004', 0, '钢琴考级辅导',         '[2070]', 3003, 6, 602, 2, 0, NULL,    1, 180, 280, '孩子8岁，准备考钢琴六级，需要专业老师指导，每周2次。', '赵女士', '13900000004', 2, 47, 3),
(74005, 'A600005', 0, '高三物理冲刺',         '[2033]', 3013, 6, 604, 1, 0, '[3]',   1, 350, 550, '高三物理需要在职老师冲刺辅导，目标高考90+。', '刘先生', '13900000005', 2, 93, 7)
ON DUPLICATE KEY UPDATE `title`=VALUES(`title`);

-- ===========================================================
-- 十一、示例轮播图
-- ===========================================================
INSERT INTO `website_banner` (`id`, `city_id`, `banner_title`, `banner_img`, `banner_link`, `position`, `sort`) VALUES
(8401, 6, '北京家教 名师辅导',   'placeholder/banner1.jpg', '/jy',  'home', 1),
(8402, 6, '免费发布找家教需求', 'placeholder/banner2.jpg', '/qjj', 'home', 2),
(8403, 6, '优秀教员 等你来选',   'placeholder/banner3.jpg', '/jy',  'home', 3)
ON DUPLICATE KEY UPDATE `banner_title`=VALUES(`banner_title`);
