-- ============================================================
-- 南京站种子数据
-- tutor-platform-seed-nanjing.sql
-- 包含：城市、11区、子区域、高校、价格参考、首页配置、示例教员、示例需求
-- ============================================================

USE `roncoo_education`;
SET NAMES utf8mb4;

-- ===========================================================
-- 一、城市：南京 (已存在,激活并设为热门)
-- ===========================================================
UPDATE `dict_city` SET `status_id`=1, `is_hot`=1 WHERE `id`=5;

-- ===========================================================
-- 二、南京11区
-- ===========================================================
INSERT INTO `dict_district` (`id`, `city_id`, `district_name`, `district_pinyin`, `sort`) VALUES
(501, 5, '玄武区',   'xuanwu',    1),
(502, 5, '秦淮区',   'qinhuai',   2),
(503, 5, '建邺区',   'jianye',    3),
(504, 5, '鼓楼区',   'gulou',     4),
(505, 5, '浦口区',   'pukou',     5),
(506, 5, '栖霞区',   'qixia',     6),
(507, 5, '雨花台区', 'yuhuatai',  7),
(508, 5, '江宁区',   'jiangning', 8),
(509, 5, '六合区',   'liuhe',     9),
(510, 5, '溧水区',   'lishui',    10),
(511, 5, '高淳区',   'gaochun',   11)
ON DUPLICATE KEY UPDATE `district_name`=VALUES(`district_name`);

-- ===========================================================
-- 三、子区域(每区主要街道/镇,选取代表性的)
-- ===========================================================
INSERT INTO `dict_sub_district` (`id`, `district_id`, `name`, `sort`) VALUES
-- 玄武区
(50101, 501, '梅园新村', 1),
(50102, 501, '孝陵卫',   2),
(50103, 501, '玄武门',   3),
(50104, 501, '锁金村',   4),
(50105, 501, '红山',     5),
-- 秦淮区
(50201, 502, '夫子庙',   1),
(50202, 502, '朝天宫',   2),
(50203, 502, '大光路',   3),
(50204, 502, '瑞金路',   4),
(50205, 502, '五老村',   5),
-- 建邺区
(50301, 503, '河西',     1),
(50302, 503, '南苑',     2),
(50303, 503, '兴隆',     3),
(50304, 503, '沙洲',     4),
(50305, 503, '莫愁湖',   5),
-- 鼓楼区
(50401, 504, '湖南路',   1),
(50402, 504, '宁海路',   2),
(50403, 504, '华侨路',   3),
(50404, 504, '中央门',   4),
(50405, 504, '挹江门',   5),
-- 浦口区
(50501, 505, '江浦',     1),
(50502, 505, '桥北',     2),
(50503, 505, '泰山',     3),
(50504, 505, '顶山',     4),
(50505, 505, '汤泉',     5),
-- 栖霞区
(50601, 506, '仙林',     1),
(50602, 506, '迈皋桥',   2),
(50603, 506, '尧化',     3),
(50604, 506, '马群',     4),
(50605, 506, '龙潭',     5),
-- 雨花台区
(50701, 507, '雨花',     1),
(50702, 507, '铁心桥',   2),
(50703, 507, '西善桥',   3),
(50704, 507, '板桥',     4),
-- 江宁区
(50801, 508, '东山',     1),
(50802, 508, '百家湖',   2),
(50803, 508, '大学城',   3),
(50804, 508, '禄口',     4),
(50805, 508, '汤山',     5),
-- 六合区
(50901, 509, '雄州',     1),
(50902, 509, '龙池',     2),
(50903, 509, '大厂',     3),
(50904, 509, '葛塘',     4),
-- 溧水区
(51001, 510, '永阳',     1),
(51002, 510, '白马',     2),
(51003, 510, '洪蓝',     3),
-- 高淳区
(51101, 511, '淳溪',     1),
(51102, 511, '古柏',     2),
(51103, 511, '漆桥',     3)
ON DUPLICATE KEY UPDATE `name`=VALUES(`name`);

-- ===========================================================
-- 四、南京高校（约25所主要高校）
-- ===========================================================
INSERT INTO `dict_university` (`id`, `city_id`, `uni_name`, `uni_short`, `is_hot`, `sort`) VALUES
(5301, 5, '南京大学',             '南大',   1, 1),
(5302, 5, '东南大学',             '东大',   1, 2),
(5303, 5, '南京航空航天大学',     '南航',   1, 3),
(5304, 5, '南京理工大学',         '南理工', 1, 4),
(5305, 5, '河海大学',             '河海',   1, 5),
(5306, 5, '南京师范大学',         '南师大', 1, 6),
(5307, 5, '南京农业大学',         NULL,     0, 7),
(5308, 5, '南京医科大学',         NULL,     0, 8),
(5309, 5, '南京中医药大学',       NULL,     0, 9),
(5310, 5, '南京邮电大学',         '南邮',   0, 10),
(5311, 5, '南京林业大学',         NULL,     0, 11),
(5312, 5, '南京信息工程大学',     NULL,     0, 12),
(5313, 5, '南京工业大学',         NULL,     0, 13),
(5314, 5, '南京财经大学',         NULL,     0, 14),
(5315, 5, '南京审计大学',         NULL,     0, 15),
(5316, 5, '南京艺术学院',         NULL,     0, 16),
(5317, 5, '南京体育学院',         NULL,     0, 17),
(5318, 5, '南京工程学院',         NULL,     0, 18),
(5319, 5, '南京晓庄学院',         NULL,     0, 19),
(5320, 5, '金陵科技学院',         NULL,     0, 20),
(5321, 5, '江苏第二师范学院',     NULL,     0, 21),
(5322, 5, '三江学院',             NULL,     0, 22),
(5323, 5, '南京传媒学院',         NULL,     0, 23),
(5324, 5, '南京大学金陵学院',     NULL,     0, 24),
(5325, 5, '东南大学成贤学院',     NULL,     0, 25)
ON DUPLICATE KEY UPDATE `uni_name`=VALUES(`uni_name`);

-- ===========================================================
-- 五、南京价格参考
-- tutor_type: 1大学生 2专职 3在职教师 4海归外教
-- grade_level: 1小学 2初中 3高中
-- ===========================================================
INSERT INTO `price_reference` (`id`, `city_id`, `tutor_type`, `grade_level`, `price_min`, `price_max`, `remark`, `sort`) VALUES
(6301, 5, 1, 1,  60, 100, '大学生 小学',   1),
(6302, 5, 1, 2,  80, 140, '大学生 初中',   2),
(6303, 5, 1, 3, 100, 180, '大学生 高中',   3),
(6304, 5, 2, 1, 100, 180, '专职教员 小学', 4),
(6305, 5, 2, 2, 140, 260, '专职教员 初中', 5),
(6306, 5, 2, 3, 180, 360, '专职教员 高中', 6),
(6307, 5, 3, 1, 140, 230, '在职教师 小学', 7),
(6308, 5, 3, 2, 200, 340, '在职教师 初中', 8),
(6309, 5, 3, 3, 280, 480, '在职教师 高中', 9),
(6310, 5, 4, 1, 180, 320, '海归外教 小学', 10),
(6311, 5, 4, 2, 240, 380, '海归外教 初中', 11),
(6312, 5, 4, 3, 300, 480, '海归外教 高中', 12)
ON DUPLICATE KEY UPDATE `price_min`=VALUES(`price_min`);

-- ===========================================================
-- 六、南京首页配置
-- ===========================================================
INSERT INTO `homepage_config` (`id`, `city_id`, `config_key`, `config_value`) VALUES
(7301, 5, 'hotline',       '400-000-0000'),
(7302, 5, 'hotline_hours', '周一至周日 9:00-21:00'),
(7303, 5, 'seo_title',     '南京家教_南京家教网_南京找家教老师'),
(7304, 5, 'seo_desc',      '南京家教平台为您提供优质南京家教老师，覆盖南京11区，涵盖小学、初中、高中全科及艺术特长辅导，大学生家教、专职教师、在职教师任您选择。'),
(7305, 5, 'seo_keywords',  '南京家教,南京家教网,南京找家教,南京家教老师,南京一对一家教'),
(7306, 5, 'intro_text',    '专注南京家教服务，连接优秀教员与学员家庭，提供一对一上门辅导和在线教学。'),
(7307, 5, 'service_desc',  '平台免费发布需求，专业客服匹配教员，教学质量有保障。')
ON DUPLICATE KEY UPDATE `config_value`=VALUES(`config_value`);

-- ===========================================================
-- 七、示例教员数据(10条,用于首页和列表展示)
-- 注意: user_id 使用虚拟ID(93001-93010)，display_no 以T开头
-- ===========================================================
INSERT INTO `tutor_profile` (`id`, `user_id`, `display_no`, `real_name`, `gender`, `birth_date`, `tutor_type`, `degree`, `university`, `university_id`, `major`, `grade_year`, `city_id`, `district_id`, `teaching_method`, `price_min`, `price_max`, `self_introduction`, `teaching_experience`, `audit_status`, `is_verified`, `is_star`, `sort`, `view_count`, `success_count`, `login_count`) VALUES
(83001, 93001, 'T500001', '陆',  1, '2002-03-12', 1, 3, '南京大学',         5301, '数学系',     '大三', 5, 504, 1,  80, 140, '南大数学系在读，高考数学142分，逻辑思维强。', '辅导过4名初高中学生数学，平均提分18+。', 4, 1, 1, 100, 85, 4, 10),
(83002, 93002, 'T500002', '沈',  2, '2001-11-05', 1, 3, '东南大学',         5302, '英语系',     '大四', 5, 501, 1, 100, 160, '东大英语专业，专八优秀，口语流利。', '辅导过6名学生英语，中高考英语提分经验丰富。', 4, 1, 0, 99, 132, 6, 18),
(83003, 93003, 'T500003', '韩',  1, '1986-08-20', 3, 4, '南京师范大学',     5306, '物理教育',   NULL,   5, 504, 1, 220, 340, '在职物理教师，14年教龄，中教高级。', '带过多届毕业班，学生中考物理平均分82+。', 4, 1, 1, 98, 210, 13, 40),
(83004, 93004, 'T500004', '唐',  2, '2003-04-18', 1, 3, '南京艺术学院',     5316, '美术学',     '大二', 5, 504, 3,  70, 120, '南艺美术学在读，擅长素描和水彩教学。', '从小学习美术，素描十级，辅导过2名艺考生。', 4, 1, 0, 97, 58, 2, 7),
(83005, 93005, 'T500005', '许',  1, '1991-02-14', 2, 4, NULL,               NULL, '钢琴演奏',   NULL,   5, 503, 1, 180, 280, '专职钢琴教师，南京音乐家协会会员。', '8年钢琴教学经验，学生多次在省市比赛中获奖。', 4, 1, 1, 96, 165, 10, 26),
(83006, 93006, 'T500006', '曹',  2, '2002-07-30', 1, 3, '南京理工大学',     5304, '化学工程',   '大三', 5, 501, 0,  80, 130, '南理工化工专业，化学竞赛省二等奖。', '辅导过3名高中生化学，善于归纳总结。', 4, 1, 0, 95, 64, 3, 9),
(83007, 93007, 'T500007', '方',  1, '1989-06-08', 3, 4, '南京师范大学',     5306, '语文教育',   NULL,   5, 506, 1, 200, 300, '在职语文教师，区学科带头人。', '10年语文教学经验，擅长作文和阅读理解。', 4, 1, 0, 94, 128, 9, 22),
(83008, 93008, 'T500008', '邓',  2, '2001-10-22', 1, 3, '南京航空航天大学', 5303, '计算机科学', '大四', 5, 503, 3,  90, 140, '南航计算机专业，ACM竞赛铜奖。', '辅导过3名高中生信息技术和数学。', 4, 0, 0, 93, 72, 3, 11),
(83009, 93009, 'T500009', '彭',  1, '2003-01-25', 1, 3, '河海大学',         5305, '数学与应用数学', '大二', 5, 504, 1, 70, 120, '河海数学专业在读，高考数学146分。', '辅导过2名初中生数学，耐心细致。', 4, 0, 0, 92, 38, 2, 5),
(83010, 93010, 'T500010', '萧',  2, '1993-09-10', 4, 4, NULL,               NULL, '英语教育',   NULL,   5, 501, 0, 220, 380, '海归硕士，英国曼彻斯特大学毕业。', '4年英语教学经验，全英文授课。', 4, 1, 0, 91, 148, 8, 19)
ON DUPLICATE KEY UPDATE `real_name`=VALUES(`real_name`);

-- 设置教员最近登录时间（模拟不同活跃度）
UPDATE `tutor_profile` SET `last_login_time` = DATE_SUB(NOW(), INTERVAL 1 HOUR)   WHERE `id` = 83003;
UPDATE `tutor_profile` SET `last_login_time` = DATE_SUB(NOW(), INTERVAL 3 HOUR)   WHERE `id` = 83001;
UPDATE `tutor_profile` SET `last_login_time` = DATE_SUB(NOW(), INTERVAL 8 HOUR)   WHERE `id` = 83002;
UPDATE `tutor_profile` SET `last_login_time` = DATE_SUB(NOW(), INTERVAL 1 DAY)    WHERE `id` = 83005;
UPDATE `tutor_profile` SET `last_login_time` = DATE_SUB(NOW(), INTERVAL 2 DAY)    WHERE `id` = 83007;
UPDATE `tutor_profile` SET `last_login_time` = DATE_SUB(NOW(), INTERVAL 3 DAY)    WHERE `id` = 83010;
UPDATE `tutor_profile` SET `last_login_time` = DATE_SUB(NOW(), INTERVAL 4 DAY)    WHERE `id` = 83006;
UPDATE `tutor_profile` SET `last_login_time` = DATE_SUB(NOW(), INTERVAL 7 DAY)    WHERE `id` = 83008;
UPDATE `tutor_profile` SET `last_login_time` = DATE_SUB(NOW(), INTERVAL 14 DAY)   WHERE `id` = 83004;
UPDATE `tutor_profile` SET `last_login_time` = DATE_SUB(NOW(), INTERVAL 20 DAY)   WHERE `id` = 83009;

-- ===========================================================
-- 八、示例教员科目关联
-- ===========================================================
INSERT INTO `tutor_subject` (`id`, `tutor_id`, `subject_id`, `category_id`) VALUES
-- T500001 陆老师: 初中数学、高中数学
(93101, 83001, 2021, 10003),
(93102, 83001, 2031, 10004),
-- T500002 沈老师: 初中英语、高中英语、新概念英语
(93103, 83002, 2022, 10003),
(93104, 83002, 2032, 10004),
(93105, 83002, 2040, 10005),
-- T500003 韩老师: 初中物理、高中物理
(93106, 83003, 2023, 10003),
(93107, 83003, 2033, 10004),
-- T500004 唐老师: 素描、水彩画
(93108, 83004, 2080, 10009),
(93109, 83004, 2082, 10009),
-- T500005 许老师: 钢琴
(93110, 83005, 2070, 10008),
-- T500006 曹老师: 初中化学、高中化学
(93111, 83006, 2024, 10003),
(93112, 83006, 2034, 10004),
-- T500007 方老师: 小学语文、初中语文、高中语文
(93113, 83007, 2010, 10002),
(93114, 83007, 2020, 10003),
(93115, 83007, 2030, 10004),
-- T500008 邓老师: 编程、Python
(93116, 83008, 2100, 10011),
(93117, 83008, 2102, 10011),
-- T500009 彭老师: 小学数学、初中数学
(93118, 83009, 2011, 10002),
(93119, 83009, 2021, 10003),
-- T500010 萧老师: 英语口语、雅思、托福
(93120, 83010, 2041, 10005),
(93121, 83010, 2043, 10005),
(93122, 83010, 2044, 10005)
ON DUPLICATE KEY UPDATE `subject_id`=VALUES(`subject_id`);

-- ===========================================================
-- 九、示例教员授课区域
-- ===========================================================
INSERT INTO `tutor_teaching_area` (`id`, `tutor_id`, `city_id`, `district_id`) VALUES
(98001, 83001, 5, 504), -- 鼓楼
(98002, 83001, 5, 501), -- 玄武
(98003, 83002, 5, 501), -- 玄武
(98004, 83002, 5, 502), -- 秦淮
(98005, 83003, 5, 504), -- 鼓楼
(98006, 83003, 5, 503), -- 建邺
(98007, 83004, 5, 504), -- 鼓楼
(98008, 83004, 5, 502), -- 秦淮
(98009, 83005, 5, 503), -- 建邺
(98010, 83005, 5, 504), -- 鼓楼
(98011, 83006, 5, 501), -- 玄武
(98012, 83006, 5, 506), -- 栖霞
(98013, 83007, 5, 506), -- 栖霞
(98014, 83007, 5, 504), -- 鼓楼
(98015, 83008, 5, 503), -- 建邺
(98016, 83008, 5, 507), -- 雨花台
(98017, 83009, 5, 504), -- 鼓楼
(98018, 83009, 5, 501), -- 玄武
(98019, 83010, 5, 501), -- 玄武
(98020, 83010, 5, 503)  -- 建邺
ON DUPLICATE KEY UPDATE `district_id`=VALUES(`district_id`);

-- ===========================================================
-- 十、示例学员需求(5条)
-- ===========================================================
INSERT INTO `tutor_requirement` (`id`, `display_no`, `user_id`, `title`, `subject_ids`, `grade_id`, `city_id`, `district_id`, `student_gender`, `tutor_gender`, `tutor_type_pref`, `teaching_method`, `budget_min`, `budget_max`, `requirement_detail`, `contact_name`, `contact_mobile`, `req_status`, `view_count`, `application_count`) VALUES
(73001, 'A500001', 0, '初二数学一对一',     '[2021]', 3009, 5, 504, 1, 0, '[1,3]', 1,  80, 140, '孩子初二，数学成绩中等偏下，希望老师上门辅导，每周两次。', '刘女士', '13900000001', 2, 42, 3),
(73002, 'A500002', 0, '高一英语补习',       '[2032]', 3011, 5, 501, 2, 0, '[1]',   1, 100, 160, '高一英语基础薄弱，需要从语法开始补起。', '杨先生', '13900000002', 2, 35, 2),
(73003, 'A500003', 0, '小学四年级全科辅导', '[2013]', 3005, 5, 508, 1, 2, '[1]',   1,  60, 100, '小学四年级，语数英全科辅导，希望女老师。', '吴女士', '13900000003', 2, 55, 4),
(73004, 'A500004', 0, '高三数学冲刺',       '[2031]', 3013, 5, 506, 1, 0, '[3]',   1, 280, 480, '高三数学需要在职老师冲刺辅导，目标130+。', '黄先生', '13900000004', 2, 78, 5),
(73005, 'A500005', 0, '钢琴陪练',           '[2070]', 3002, 5, 503, 2, 0, NULL,    1, 130, 200, '孩子7岁，学琴一年半，需要陪练老师每周2次。', '徐女士', '13900000005', 2, 46, 3)
ON DUPLICATE KEY UPDATE `title`=VALUES(`title`);

-- ===========================================================
-- 十一、示例轮播图
-- ===========================================================
INSERT INTO `website_banner` (`id`, `city_id`, `banner_title`, `banner_img`, `banner_link`, `position`, `sort`) VALUES
(8301, 5, '南京家教 名师辅导',   'placeholder/banner1.jpg', '/jy',  'home', 1),
(8302, 5, '免费发布找家教需求', 'placeholder/banner2.jpg', '/qjj', 'home', 2),
(8303, 5, '优秀教员 等你来选',   'placeholder/banner3.jpg', '/jy',  'home', 3)
ON DUPLICATE KEY UPDATE `banner_title`=VALUES(`banner_title`);
