-- ============================================================
-- 苏州站种子数据
-- tutor-platform-seed-suzhou.sql
-- 包含：城市、10区/市、子区域、高校、价格参考、首页配置、示例教员、示例需求
-- ============================================================

USE `roncoo_education`;
SET NAMES utf8mb4;

-- ===========================================================
-- 一、城市：苏州 (已存在,激活并设为热门)
-- ===========================================================
UPDATE `dict_city` SET `status_id`=1, `is_hot`=1 WHERE `id`=2;

-- ===========================================================
-- 二、苏州10区/市
-- ===========================================================
INSERT INTO `dict_district` (`id`, `city_id`, `district_name`, `district_pinyin`, `sort`) VALUES
(201, 2, '姑苏区',     'gusu',          1),
(202, 2, '虎丘区',     'huqiu',         2),
(203, 2, '吴中区',     'wuzhong',       3),
(204, 2, '相城区',     'xiangcheng',    4),
(205, 2, '吴江区',     'wujiang',       5),
(206, 2, '工业园区',   'gongyeyuanqu',  6),
(207, 2, '昆山市',     'kunshan',       7),
(208, 2, '常熟市',     'changshu',      8),
(209, 2, '张家港市',   'zhangjiagang',  9),
(210, 2, '太仓市',     'taicang',       10)
ON DUPLICATE KEY UPDATE `district_name`=VALUES(`district_name`);

-- ===========================================================
-- 三、子区域(每区主要街道/镇)
-- ===========================================================
INSERT INTO `dict_sub_district` (`id`, `district_id`, `name`, `sort`) VALUES
-- 姑苏区
(20101, 201, '观前街', 1),
(20102, 201, '平江',   2),
(20103, 201, '金阊',   3),
(20104, 201, '沧浪',   4),
(20105, 201, '双塔',   5),
-- 虎丘区
(20201, 202, '狮山',   1),
(20202, 202, '枫桥',   2),
(20203, 202, '横塘',   3),
(20204, 202, '浒墅关', 4),
(20205, 202, '通安',   5),
-- 吴中区
(20301, 203, '木渎',   1),
(20302, 203, '甪直',   2),
(20303, 203, '胥口',   3),
(20304, 203, '长桥',   4),
(20305, 203, '越溪',   5),
-- 相城区
(20401, 204, '元和',   1),
(20402, 204, '黄桥',   2),
(20403, 204, '望亭',   3),
(20404, 204, '北桥',   4),
(20405, 204, '渭塘',   5),
-- 吴江区
(20501, 205, '松陵',   1),
(20502, 205, '盛泽',   2),
(20503, 205, '同里',   3),
(20504, 205, '平望',   4),
(20505, 205, '黎里',   5),
-- 工业园区
(20601, 206, '湖东',   1),
(20602, 206, '湖西',   2),
(20603, 206, '唯亭',   3),
(20604, 206, '胜浦',   4),
(20605, 206, '斜塘',   5),
-- 昆山市
(20701, 207, '玉山',   1),
(20702, 207, '花桥',   2),
(20703, 207, '千灯',   3),
(20704, 207, '周庄',   4),
(20705, 207, '巴城',   5),
-- 常熟市
(20801, 208, '虞山',   1),
(20802, 208, '琴川',   2),
(20803, 208, '梅李',   3),
(20804, 208, '沙家浜', 4),
(20805, 208, '古里',   5),
-- 张家港市
(20901, 209, '杨舍',   1),
(20902, 209, '金港',   2),
(20903, 209, '塘桥',   3),
(20904, 209, '凤凰',   4),
-- 太仓市
(21001, 210, '城厢',   1),
(21002, 210, '沙溪',   2),
(21003, 210, '浏河',   3),
(21004, 210, '璜泾',   4)
ON DUPLICATE KEY UPDATE `name`=VALUES(`name`);

-- ===========================================================
-- 四、苏州高校（15所）
-- ===========================================================
INSERT INTO `dict_university` (`id`, `city_id`, `uni_name`, `uni_short`, `is_hot`, `sort`) VALUES
(5101, 2, '苏州大学',                   '苏大',   1, 1),
(5102, 2, '苏州科技大学',               NULL,     0, 2),
(5103, 2, '常熟理工学院',               NULL,     0, 3),
(5104, 2, '苏州城市学院',               NULL,     0, 4),
(5105, 2, '西交利物浦大学',             '西浦',   1, 5),
(5106, 2, '昆山杜克大学',               NULL,     0, 6),
(5107, 2, '苏州大学文正学院',           NULL,     0, 7),
(5108, 2, '苏州大学应用技术学院',       NULL,     0, 8),
(5109, 2, '苏州经贸职业技术学院',       NULL,     0, 9),
(5110, 2, '苏州工业职业技术学院',       NULL,     0, 10),
(5111, 2, '苏州职业大学',               NULL,     0, 11),
(5112, 2, '苏州卫生职业技术学院',       NULL,     0, 12),
(5113, 2, '苏州农业职业技术学院',       NULL,     0, 13),
(5114, 2, '苏州工艺美术职业技术学院',   NULL,     0, 14),
(5115, 2, '硅湖职业技术学院',           NULL,     0, 15)
ON DUPLICATE KEY UPDATE `uni_name`=VALUES(`uni_name`);

-- ===========================================================
-- 五、苏州价格参考
-- tutor_type: 1大学生 2专职 3在职教师 4海归外教
-- grade_level: 1小学 2初中 3高中
-- ===========================================================
INSERT INTO `price_reference` (`id`, `city_id`, `tutor_type`, `grade_level`, `price_min`, `price_max`, `remark`, `sort`) VALUES
(6101, 2, 1, 1,  60, 100, '大学生 小学',   1),
(6102, 2, 1, 2,  80, 130, '大学生 初中',   2),
(6103, 2, 1, 3, 100, 180, '大学生 高中',   3),
(6104, 2, 2, 1, 100, 180, '专职教员 小学', 4),
(6105, 2, 2, 2, 130, 250, '专职教员 初中', 5),
(6106, 2, 2, 3, 180, 350, '专职教员 高中', 6),
(6107, 2, 3, 1, 130, 220, '在职教师 小学', 7),
(6108, 2, 3, 2, 200, 320, '在职教师 初中', 8),
(6109, 2, 3, 3, 280, 450, '在职教师 高中', 9),
(6110, 2, 4, 1, 180, 300, '海归外教 小学', 10),
(6111, 2, 4, 2, 220, 350, '海归外教 初中', 11),
(6112, 2, 4, 3, 280, 450, '海归外教 高中', 12)
ON DUPLICATE KEY UPDATE `price_min`=VALUES(`price_min`);

-- ===========================================================
-- 六、苏州首页配置
-- ===========================================================
INSERT INTO `homepage_config` (`id`, `city_id`, `config_key`, `config_value`) VALUES
(7101, 2, 'hotline',       '400-000-0000'),
(7102, 2, 'hotline_hours', '周一至周日 9:00-20:00'),
(7103, 2, 'seo_title',     '苏州家教_苏州家教网_苏州找家教老师'),
(7104, 2, 'seo_desc',      '苏州家教平台为您提供优质苏州家教老师，覆盖姑苏、园区、新区、吴中、昆山等全市区域，涵盖小学、初中、高中全科及艺术特长辅导，大学生家教、专职教师、在职教师任您选择。'),
(7105, 2, 'seo_keywords',  '苏州家教,苏州家教网,苏州找家教,苏州家教老师,苏州一对一家教'),
(7106, 2, 'intro_text',    '专注苏州家教服务，连接优秀教员与学员家庭，提供一对一上门辅导和在线教学。'),
(7107, 2, 'service_desc',  '平台免费发布需求，专业客服匹配教员，教学质量有保障。')
ON DUPLICATE KEY UPDATE `config_value`=VALUES(`config_value`);

-- ===========================================================
-- 七、示例教员数据(10条,用于首页和列表展示)
-- 注意: user_id 使用虚拟ID(91001-91010)，display_no 以T2开头
-- ===========================================================
INSERT INTO `tutor_profile` (`id`, `user_id`, `display_no`, `real_name`, `gender`, `birth_date`, `tutor_type`, `degree`, `university`, `university_id`, `major`, `grade_year`, `city_id`, `district_id`, `teaching_method`, `price_min`, `price_max`, `self_introduction`, `teaching_experience`, `audit_status`, `is_verified`, `is_star`, `sort`, `view_count`, `success_count`, `login_count`) VALUES
(81001, 91001, 'T200001', '陆', 1, '2003-03-12', 1, 3, '苏州大学',         5101, '数学科学学院', '大三', 2, 201, 1,  80, 130, '苏大数学系在读，高考数学142分，逻辑思维强。', '辅导过4名初高中学生数学，平均提分18+。', 4, 1, 1, 100, 78, 4, 10),
(81002, 91002, 'T200002', '沈', 2, '2002-07-20', 1, 3, '苏州大学',         5101, '外国语学院',   '大四', 2, 206, 1, 100, 150, '苏大英语专业，专四优秀，口语流利。', '辅导过6名学生英语，新概念和中考英语经验丰富。', 4, 1, 0, 99, 120, 6, 16),
(81003, 91003, 'T200003', '顾', 1, '1986-08-05', 3, 4, '苏州大学',         5101, '物理教育',     NULL,   2, 206, 1, 220, 320, '在职物理教师，14年教龄，中教高级。', '带过多届毕业班，学生中考物理平均分82+。', 4, 1, 1, 98, 195, 12, 38),
(81004, 91004, 'T200004', '钱', 2, '2003-11-25', 1, 3, '西交利物浦大学',   5105, '应用数学',     '大二', 2, 206, 3,  90, 140, '西浦在读，全英文教学环境，数学和英语双强。', '辅导过3名学生数学和英语，擅长双语教学。', 4, 1, 0, 97, 55, 3, 7),
(81005, 91005, 'T200005', '韩', 1, '1991-04-18', 2, 4, NULL,               NULL, '钢琴演奏',     NULL,   2, 201, 1, 180, 280, '专职钢琴教师，苏州音乐家协会会员。', '8年钢琴教学经验，学生多次在省市比赛中获奖。', 4, 1, 1, 96, 162, 10, 26),
(81006, 91006, 'T200006', '朱', 2, '2002-06-14', 1, 3, '苏州科技大学',     5102, '化学工程',     '大三', 2, 202, 0,  80, 120, '苏科大化工专业，化学基础扎实。', '辅导过3名高中生化学，善于归纳总结。', 4, 1, 0, 95, 62, 3, 8),
(81007, 91007, 'T200007', '徐', 1, '1989-01-30', 3, 4, '苏州大学',         5101, '语文教育',     NULL,   2, 203, 1, 200, 280, '在职语文教师，区教学能手。', '10年语文教学经验，擅长作文和阅读理解指导。', 4, 1, 0, 94, 130, 8, 22),
(81008, 91008, 'T200008', '蒋', 2, '2003-09-08', 1, 3, '西交利物浦大学',   5105, '国际商务',     '大二', 2, 206, 3,  90, 140, '西浦国际商务专业，雅思7.5，全英文授课能力。', '辅导过4名学生英语口语和雅思备考。', 4, 1, 0, 93, 72, 4, 11),
(81009, 91009, 'T200009', '秦', 1, '2002-12-01', 1, 3, '苏州大学',         5101, '计算机科学',   '大三', 2, 204, 1,  80, 120, '苏大计算机在读，蓝桥杯省一等奖。', '辅导过2名高中生信息技术和编程入门。', 4, 0, 0, 92, 38, 2, 5),
(81010, 91010, 'T200010', '许', 2, '1993-05-22', 2, 4, NULL,               NULL, '少儿美术',     NULL,   2, 201, 1, 130, 220, '专职美术教师，美院毕业，擅长素描水彩。', '5年少儿美术教学经验，学生作品多次获奖。', 4, 1, 0, 91, 98, 7, 15)
ON DUPLICATE KEY UPDATE `real_name`=VALUES(`real_name`);

-- 设置教员最近登录时间（模拟不同活跃度）
UPDATE `tutor_profile` SET `last_login_time` = DATE_SUB(NOW(), INTERVAL 1 HOUR)   WHERE `id` = 81003;
UPDATE `tutor_profile` SET `last_login_time` = DATE_SUB(NOW(), INTERVAL 3 HOUR)   WHERE `id` = 81001;
UPDATE `tutor_profile` SET `last_login_time` = DATE_SUB(NOW(), INTERVAL 8 HOUR)   WHERE `id` = 81002;
UPDATE `tutor_profile` SET `last_login_time` = DATE_SUB(NOW(), INTERVAL 1 DAY)    WHERE `id` = 81005;
UPDATE `tutor_profile` SET `last_login_time` = DATE_SUB(NOW(), INTERVAL 2 DAY)    WHERE `id` = 81007;
UPDATE `tutor_profile` SET `last_login_time` = DATE_SUB(NOW(), INTERVAL 3 DAY)    WHERE `id` = 81004;
UPDATE `tutor_profile` SET `last_login_time` = DATE_SUB(NOW(), INTERVAL 5 DAY)    WHERE `id` = 81008;
UPDATE `tutor_profile` SET `last_login_time` = DATE_SUB(NOW(), INTERVAL 7 DAY)    WHERE `id` = 81006;
UPDATE `tutor_profile` SET `last_login_time` = DATE_SUB(NOW(), INTERVAL 14 DAY)   WHERE `id` = 81010;
UPDATE `tutor_profile` SET `last_login_time` = DATE_SUB(NOW(), INTERVAL 20 DAY)   WHERE `id` = 81009;

-- ===========================================================
-- 八、示例教员科目关联
-- ===========================================================
INSERT INTO `tutor_subject` (`id`, `tutor_id`, `subject_id`, `category_id`) VALUES
-- T200001 陆老师: 初中数学、高中数学
(91101, 81001, 2021, 10003),
(91102, 81001, 2031, 10004),
-- T200002 沈老师: 初中英语、高中英语、新概念英语
(91103, 81002, 2022, 10003),
(91104, 81002, 2032, 10004),
(91105, 81002, 2040, 10005),
-- T200003 顾老师: 初中物理、高中物理
(91106, 81003, 2023, 10003),
(91107, 81003, 2033, 10004),
-- T200004 钱老师: 初中数学、初中英语
(91108, 81004, 2021, 10003),
(91109, 81004, 2022, 10003),
-- T200005 韩老师: 钢琴
(91110, 81005, 2070, 10008),
-- T200006 朱老师: 初中化学、高中化学
(91111, 81006, 2024, 10003),
(91112, 81006, 2034, 10004),
-- T200007 徐老师: 小学语文、初中语文、高中语文
(91113, 81007, 2010, 10002),
(91114, 81007, 2020, 10003),
(91115, 81007, 2030, 10004),
-- T200008 蒋老师: 英语口语、雅思
(91116, 81008, 2041, 10005),
(91117, 81008, 2043, 10005),
-- T200009 秦老师: 编程、Python
(91118, 81009, 2100, 10011),
(91119, 81009, 2102, 10011),
-- T200010 许老师: 素描、水彩画
(91120, 81010, 2080, 10009),
(91121, 81010, 2082, 10009)
ON DUPLICATE KEY UPDATE `subject_id`=VALUES(`subject_id`);

-- ===========================================================
-- 九、示例教员授课区域
-- ===========================================================
INSERT INTO `tutor_teaching_area` (`id`, `tutor_id`, `city_id`, `district_id`) VALUES
(96001, 81001, 2, 201), -- 姑苏
(96002, 81001, 2, 206), -- 工业园区
(96003, 81002, 2, 206), -- 工业园区
(96004, 81002, 2, 201), -- 姑苏
(96005, 81003, 2, 206), -- 工业园区
(96006, 81003, 2, 203), -- 吴中
(96007, 81004, 2, 206), -- 工业园区
(96008, 81005, 2, 201), -- 姑苏
(96009, 81005, 2, 202), -- 虎丘
(96010, 81006, 2, 202), -- 虎丘
(96011, 81006, 2, 204), -- 相城
(96012, 81007, 2, 203), -- 吴中
(96013, 81007, 2, 201), -- 姑苏
(96014, 81008, 2, 206), -- 工业园区
(96015, 81009, 2, 204), -- 相城
(96016, 81009, 2, 206), -- 工业园区
(96017, 81010, 2, 201), -- 姑苏
(96018, 81010, 2, 203)  -- 吴中
ON DUPLICATE KEY UPDATE `district_id`=VALUES(`district_id`);

-- ===========================================================
-- 十、示例学员需求(5条)
-- ===========================================================
INSERT INTO `tutor_requirement` (`id`, `display_no`, `user_id`, `title`, `subject_ids`, `grade_id`, `city_id`, `district_id`, `student_gender`, `tutor_gender`, `tutor_type_pref`, `teaching_method`, `budget_min`, `budget_max`, `requirement_detail`, `contact_name`, `contact_mobile`, `req_status`, `view_count`, `application_count`) VALUES
(71001, 'A200001', 0, '初二数学一对一',     '[2021]', 3009, 2, 206, 1, 0, '[1,3]', 1,  80, 130, '孩子初二，数学成绩中等偏下，希望老师上门辅导，每周两次。', '王女士', '13900000001', 2, 38, 3),
(71002, 'A200002', 0, '高一英语补习',       '[2032]', 3011, 2, 201, 2, 0, '[1]',   1, 100, 150, '高一英语基础薄弱，需要从语法开始补起。', '张先生', '13900000002', 2, 32, 2),
(71003, 'A200003', 0, '小学四年级语数英',   '[2013]', 3005, 2, 203, 1, 2, '[1]',   1,  60, 100, '小学四年级，语数英全科辅导，希望女老师。', '陈女士', '13900000003', 2, 50, 4),
(71004, 'A200004', 0, '钢琴陪练',           '[2070]', 3002, 2, 201, 2, 0, NULL,    1, 130, 180, '孩子7岁，学琴一年半，需要陪练老师每周2次。', '李女士', '13900000004', 2, 42, 3),
(71005, 'A200005', 0, '高三物理冲刺',       '[2033]', 3013, 2, 202, 1, 0, '[3]',   1, 280, 450, '高三物理需要在职老师冲刺辅导，目标85+。', '赵先生', '13900000005', 2, 71, 5)
ON DUPLICATE KEY UPDATE `title`=VALUES(`title`);

-- ===========================================================
-- 十一、示例轮播图
-- ===========================================================
INSERT INTO `website_banner` (`id`, `city_id`, `banner_title`, `banner_img`, `banner_link`, `position`, `sort`) VALUES
(8101, 2, '苏州家教 名师辅导',   'placeholder/banner1.jpg', '/jy',  'home', 1),
(8102, 2, '免费发布找家教需求', 'placeholder/banner2.jpg', '/qjj', 'home', 2),
(8103, 2, '优秀教员 等你来选',   'placeholder/banner3.jpg', '/jy',  'home', 3)
ON DUPLICATE KEY UPDATE `banner_title`=VALUES(`banner_title`);
